image_id,dx,true_idx,pred_idx,source_fold,is_hard
ISIC_0030283,vasc,6,6,1,False
ISIC_0031835,nv,5,5,1,False
ISIC_0030535,nv,5,5,1,False
ISIC_0030637,nv,5,5,1,False
ISIC_0027451,bkl,2,2,1,False
ISIC_0030546,nv,5,5,1,False
ISIC_0029428,nv,5,5,1,False
ISIC_0029355,nv,5,5,1,False
ISIC_0031209,nv,5,5,1,False
ISIC_0027207,nv,5,5,1,False
ISIC_0031483,nv,5,5,1,False
ISIC_0031740,nv,5,5,1,False
ISIC_0028300,nv,5,5,1,False
ISIC_0032184,nv,5,4,1,True
ISIC_0033733,nv,5,4,1,True
ISIC_0027302,mel,4,4,1,False
ISIC_0024795,bcc,1,4,1,False
ISIC_0025010,nv,5,5,1,False
ISIC_0032108,nv,5,5,1,False
ISIC_0033987,bkl,2,2,1,False
ISIC_0029096,nv,5,5,1,False
ISIC_0029973,df,3,5,1,False
ISIC_0025125,nv,5,5,1,False
ISIC_0032985,mel,4,4,1,False
ISIC_0032936,mel,4,4,1,False
ISIC_0033232,mel,4,4,1,False
ISIC_0025529,bkl,2,2,1,False
ISIC_0025089,akiec,0,0,1,False
ISIC_0027178,akiec,0,0,1,False
ISIC_0026881,nv,5,5,1,False
ISIC_0024868,nv,5,5,1,False
ISIC_0026187,nv,5,5,1,False
ISIC_0024910,bkl,2,4,1,True
ISIC_0024344,nv,5,4,1,True
ISIC_0025836,nv,5,2,1,True
ISIC_0030212,nv,5,5,1,False
ISIC_0031176,nv,5,5,1,False
ISIC_0027781,bkl,2,2,1,False
ISIC_0032338,nv,5,5,1,False
ISIC_0034067,nv,5,5,1,False
ISIC_0025396,nv,5,4,1,True
ISIC_0026452,nv,5,5,1,False
ISIC_0027007,nv,5,5,1,False
ISIC_0027650,akiec,0,0,1,False
ISIC_0032428,nv,5,5,1,False
ISIC_0032342,nv,5,5,1,False
ISIC_0024311,nv,5,5,1,False
ISIC_0028651,df,3,5,1,False
ISIC_0033804,mel,4,5,1,True
ISIC_0033801,mel,4,5,1,True
ISIC_0033216,mel,4,5,1,True
ISIC_0024682,nv,5,4,1,True
ISIC_0026899,nv,5,5,1,False
ISIC_0031137,nv,5,5,1,False
ISIC_0025901,nv,5,5,1,False
ISIC_0029503,nv,5,5,1,False
ISIC_0031056,bcc,1,5,1,False
ISIC_0030657,nv,5,5,1,False
ISIC_0026597,nv,5,5,1,False
ISIC_0025406,nv,5,5,1,False
ISIC_0034045,nv,5,5,1,False
ISIC_0029920,nv,5,5,1,False
ISIC_0031188,nv,5,5,1,False
ISIC_0025493,nv,5,5,1,False
ISIC_0031925,bcc,1,1,1,False
ISIC_0032382,bkl,2,2,1,False
ISIC_0027533,bkl,2,2,1,False
ISIC_0032519,nv,5,5,1,False
ISIC_0034090,nv,5,5,1,False
ISIC_0029958,mel,4,0,1,True
ISIC_0024554,mel,4,2,1,True
ISIC_0033657,nv,5,5,1,False
ISIC_0034038,nv,5,5,1,False
ISIC_0033070,nv,5,5,1,False
ISIC_0028289,nv,5,5,1,False
ISIC_0026377,nv,5,5,1,False
ISIC_0033407,nv,5,5,1,False
ISIC_0033734,nv,5,5,1,False
ISIC_0033923,nv,5,5,1,False
ISIC_0025251,nv,5,5,1,False
ISIC_0028694,nv,5,5,1,False
ISIC_0033634,nv,5,4,1,True
ISIC_0034226,nv,5,5,1,False
ISIC_0033116,nv,5,5,1,False
ISIC_0030728,nv,5,5,1,False
ISIC_0033633,nv,5,4,1,True
ISIC_0034199,nv,5,5,1,False
ISIC_0032998,nv,5,5,1,False
ISIC_0027694,nv,5,5,1,False
ISIC_0025299,bcc,1,1,1,False
ISIC_0028739,bcc,1,5,1,False
ISIC_0030743,nv,5,5,1,False
ISIC_0025393,nv,5,5,1,False
ISIC_0026047,nv,5,5,1,False
ISIC_0026182,nv,5,5,1,False
ISIC_0025061,nv,5,5,1,False
ISIC_0028450,nv,5,1,1,True
ISIC_0024599,nv,5,5,1,False
ISIC_0029248,df,3,3,1,False
ISIC_0030442,df,3,3,1,False
ISIC_0030011,df,3,3,1,False
ISIC_0030427,df,3,3,1,False
ISIC_0027626,df,3,1,1,False
ISIC_0029099,vasc,6,6,1,False
ISIC_0032693,nv,5,4,1,True
ISIC_0032734,nv,5,4,1,True
ISIC_0032659,nv,5,5,1,False
ISIC_0027880,nv,5,5,1,False
ISIC_0032465,nv,5,5,1,False
ISIC_0027702,mel,4,4,1,False
ISIC_0025646,nv,5,5,1,False
ISIC_0028587,bkl,2,2,1,False
ISIC_0028580,nv,5,5,1,False
ISIC_0025798,nv,5,5,1,False
ISIC_0026922,nv,5,5,1,False
ISIC_0026640,nv,5,5,1,False
ISIC_0027779,nv,5,5,1,False
ISIC_0028566,nv,5,5,1,False
ISIC_0024866,nv,5,5,1,False
ISIC_0026952,bcc,1,1,1,False
ISIC_0025527,nv,5,5,1,False
ISIC_0026572,nv,5,5,1,False
ISIC_0033812,mel,4,5,1,True
ISIC_0033653,mel,4,5,1,True
ISIC_0024594,nv,5,5,1,False
ISIC_0029845,nv,5,5,1,False
ISIC_0030977,nv,5,5,1,False
ISIC_0024762,nv,5,5,1,False
ISIC_0026870,mel,4,4,1,False
ISIC_0025074,nv,5,4,1,True
ISIC_0031246,nv,5,5,1,False
ISIC_0031180,nv,5,5,1,False
ISIC_0025484,bkl,2,2,1,False
ISIC_0032479,nv,5,5,1,False
ISIC_0024622,nv,5,5,1,False
ISIC_0030514,bcc,1,0,1,False
ISIC_0024345,bcc,1,0,1,False
ISIC_0024875,mel,4,4,1,False
ISIC_0026950,mel,4,4,1,False
ISIC_0031694,nv,5,5,1,False
ISIC_0025978,nv,5,5,1,False
ISIC_0025261,nv,5,5,1,False
ISIC_0027654,nv,5,5,1,False
ISIC_0028506,nv,5,5,1,False
ISIC_0026181,nv,5,5,1,False
ISIC_0024365,nv,5,5,1,False
ISIC_0028653,bcc,1,5,1,False
ISIC_0028552,nv,5,5,1,False
ISIC_0031409,nv,5,5,1,False
ISIC_0025656,bkl,2,2,1,False
ISIC_0029232,bkl,2,2,1,False
ISIC_0025470,bkl,2,2,1,False
ISIC_0028927,nv,5,5,1,False
ISIC_0028934,nv,5,5,1,False
ISIC_0025999,nv,5,5,1,False
ISIC_0029583,nv,5,5,1,False
ISIC_0030602,akiec,0,4,1,False
ISIC_0032244,mel,4,4,1,False
ISIC_0030644,bcc,1,0,1,False
ISIC_0033508,nv,5,5,1,False
ISIC_0032539,nv,5,5,1,False
ISIC_0032686,nv,5,5,1,False
ISIC_0025886,nv,5,5,1,False
ISIC_0033474,nv,5,4,1,True
ISIC_0031762,bcc,1,1,1,False
ISIC_0028106,bcc,1,5,1,False
ISIC_0033040,nv,5,5,1,False
ISIC_0027621,nv,5,5,1,False
ISIC_0026018,bkl,2,4,1,True
ISIC_0028103,mel,4,4,1,False
ISIC_0028961,nv,5,5,1,False
ISIC_0031080,nv,5,5,1,False
ISIC_0029084,nv,5,5,1,False
ISIC_0029636,nv,5,5,1,False
ISIC_0027931,nv,5,5,1,False
ISIC_0025545,nv,5,5,1,False
ISIC_0032003,nv,5,5,1,False
ISIC_0034281,nv,5,5,1,False
ISIC_0034152,nv,5,1,1,True
ISIC_0033739,nv,5,1,1,True
ISIC_0033470,mel,4,4,1,False
ISIC_0034094,mel,4,4,1,False
ISIC_0033560,mel,4,4,1,False
ISIC_0025804,bkl,2,5,1,True
ISIC_0032158,nv,5,4,1,True
ISIC_0031678,nv,5,5,1,False
ISIC_0030768,bkl,2,5,1,True
ISIC_0029837,bkl,2,5,1,True
ISIC_0028851,nv,5,5,1,False
ISIC_0032635,nv,5,5,1,False
ISIC_0027695,nv,5,5,1,False
ISIC_0033587,bkl,2,4,1,True
ISIC_0032675,bkl,2,5,1,True
ISIC_0031232,nv,5,4,1,True
ISIC_0030959,bkl,2,2,1,False
ISIC_0025965,nv,5,5,1,False
ISIC_0025603,mel,4,5,1,True
ISIC_0030854,nv,5,5,1,False
ISIC_0026321,bcc,1,1,1,False
ISIC_0025467,bcc,1,6,1,False
ISIC_0032491,nv,5,5,1,False
ISIC_0025772,nv,5,5,1,False
ISIC_0027871,nv,5,5,1,False
ISIC_0029242,mel,4,6,1,True
ISIC_0027263,mel,4,2,1,True
ISIC_0031263,bcc,1,6,1,False
ISIC_0031576,nv,5,5,1,False
ISIC_0028751,nv,5,4,1,True
ISIC_0027024,nv,5,4,1,True
ISIC_0024785,nv,5,5,1,False
ISIC_0027566,nv,5,5,1,False
ISIC_0026435,nv,5,5,1,False
ISIC_0033973,bkl,2,5,1,True
ISIC_0033761,bkl,2,5,1,True
ISIC_0033505,bkl,2,2,1,False
ISIC_0030929,mel,4,4,1,False
ISIC_0033136,nv,5,5,1,False
ISIC_0033215,nv,5,5,1,False
ISIC_0026623,bkl,2,4,1,True
ISIC_0025464,nv,5,4,1,True
ISIC_0032835,bkl,2,2,1,False
ISIC_0033480,bkl,2,2,1,False
ISIC_0024422,bkl,2,5,1,True
ISIC_0028881,bkl,2,4,1,True
ISIC_0029273,nv,5,5,1,False
ISIC_0026977,nv,5,5,1,False
ISIC_0033122,mel,4,5,1,True
ISIC_0033713,mel,4,5,1,True
ISIC_0029305,nv,5,5,1,False
ISIC_0032291,nv,5,4,1,True
ISIC_0024444,nv,5,5,1,False
ISIC_0024563,nv,5,4,1,True
ISIC_0024373,nv,5,5,1,False
ISIC_0032897,akiec,0,2,1,False
ISIC_0033869,akiec,0,2,1,False
ISIC_0028254,bkl,2,4,1,True
ISIC_0026679,bkl,2,4,1,True
ISIC_0031966,nv,5,5,1,False
ISIC_0029161,bkl,2,2,1,False
ISIC_0026273,bkl,2,2,1,False
ISIC_0028084,bcc,1,4,1,False
ISIC_0026970,bcc,1,1,1,False
ISIC_0030098,nv,5,5,1,False
ISIC_0032337,nv,5,5,1,False
ISIC_0024798,nv,5,5,1,False
ISIC_0025152,nv,5,5,1,False
ISIC_0031275,nv,5,5,1,False
ISIC_0031083,nv,5,5,1,False
ISIC_0032898,bkl,2,4,1,True
ISIC_0033488,bkl,2,4,1,True
ISIC_0033758,bkl,2,5,1,True
ISIC_0027353,nv,5,5,1,False
ISIC_0026502,nv,5,5,1,False
ISIC_0032082,nv,5,5,1,False
ISIC_0031701,nv,5,5,1,False
ISIC_0026910,nv,5,5,1,False
ISIC_0031392,nv,5,5,1,False
ISIC_0029830,akiec,0,0,1,False
ISIC_0027884,akiec,0,0,1,False
ISIC_0032254,nv,5,5,1,False
ISIC_0031051,nv,5,5,1,False
ISIC_0027365,bcc,1,1,1,False
ISIC_0026343,bcc,1,1,1,False
ISIC_0029341,bcc,1,5,1,False
ISIC_0025811,akiec,0,0,1,False
ISIC_0030158,akiec,0,0,1,False
ISIC_0028959,nv,5,5,1,False
ISIC_0030496,nv,5,5,1,False
ISIC_0027378,nv,5,5,1,False
ISIC_0031808,bkl,2,0,1,True
ISIC_0028749,bkl,2,2,1,False
ISIC_0024974,nv,5,5,1,False
ISIC_0024407,nv,5,5,1,False
ISIC_0026675,bkl,2,2,1,False
ISIC_0034262,mel,4,4,1,False
ISIC_0033103,mel,4,4,1,False
ISIC_0034106,mel,4,4,1,False
ISIC_0024510,nv,5,4,1,True
ISIC_0033224,nv,5,4,1,True
ISIC_0033360,nv,5,4,1,True
ISIC_0030947,nv,5,5,1,False
ISIC_0024985,nv,5,5,1,False
ISIC_0028013,nv,5,5,1,False
ISIC_0031571,nv,5,5,1,False
ISIC_0026365,bkl,2,5,1,True
ISIC_0030988,bkl,2,1,1,True
ISIC_0028401,nv,5,4,1,True
ISIC_0030371,nv,5,5,1,False
ISIC_0031691,bkl,2,5,1,True
ISIC_0025419,bkl,2,2,1,False
ISIC_0025933,nv,5,5,1,False
ISIC_0028786,nv,5,5,1,False
ISIC_0025884,nv,5,5,1,False
ISIC_0032196,nv,5,5,1,False
ISIC_0027124,nv,5,5,1,False
ISIC_0032356,akiec,0,1,1,False
ISIC_0028625,nv,5,4,1,True
ISIC_0026462,nv,5,5,1,False
ISIC_0026488,nv,5,4,1,True
ISIC_0029267,nv,5,5,1,False
ISIC_0029370,mel,4,4,1,False
ISIC_0031958,mel,4,4,1,False
ISIC_0033337,mel,4,4,1,False
ISIC_0033594,mel,4,4,1,False
ISIC_0026185,nv,5,5,1,False
ISIC_0030118,bkl,2,2,1,False
ISIC_0028499,akiec,0,2,1,False
ISIC_0031421,akiec,0,2,1,False
ISIC_0032047,nv,5,5,1,False
ISIC_0031447,nv,5,5,1,False
ISIC_0024837,nv,5,5,1,False
ISIC_0031667,nv,5,5,1,False
ISIC_0026027,nv,5,5,1,False
ISIC_0029483,nv,5,5,1,False
ISIC_0027116,nv,5,5,1,False
ISIC_0032732,bkl,2,4,1,True
ISIC_0032778,bkl,2,5,1,True
ISIC_0033466,bkl,2,5,1,True
ISIC_0031690,nv,5,5,1,False
ISIC_0027267,nv,5,5,1,False
ISIC_0024765,nv,5,5,1,False
ISIC_0026169,nv,5,5,1,False
ISIC_0026232,nv,5,5,1,False
ISIC_0032246,bcc,1,0,1,False
ISIC_0026865,bcc,1,1,1,False
ISIC_0031057,bcc,1,2,1,False
ISIC_0030503,nv,5,5,1,False
ISIC_0025743,bkl,2,2,1,False
ISIC_0025597,nv,5,5,1,False
ISIC_0025225,nv,5,5,1,False
ISIC_0028864,nv,5,5,1,False
ISIC_0028149,nv,5,5,1,False
ISIC_0029275,nv,5,5,1,False
ISIC_0024743,bcc,1,1,1,False
ISIC_0026225,nv,5,4,1,True
ISIC_0032178,nv,5,5,1,False
ISIC_0027219,bkl,2,4,1,True
ISIC_0024456,nv,5,5,1,False
ISIC_0027111,nv,5,5,1,False
ISIC_0032182,mel,4,4,1,False
ISIC_0024540,nv,5,5,1,False
ISIC_0027948,nv,5,5,1,False
ISIC_0033898,nv,5,5,1,False
ISIC_0029913,mel,4,5,1,True
ISIC_0026909,mel,4,4,1,False
ISIC_0028910,nv,5,5,1,False
ISIC_0030581,nv,5,5,1,False
ISIC_0032655,bkl,2,5,1,True
ISIC_0033620,bkl,2,5,1,True
ISIC_0028415,mel,4,4,1,False
ISIC_0028041,mel,4,5,1,True
ISIC_0031768,nv,5,5,1,False
ISIC_0028477,nv,5,5,1,False
ISIC_0024577,nv,5,5,1,False
ISIC_0029367,nv,5,5,1,False
ISIC_0026891,nv,5,5,1,False
ISIC_0026698,nv,5,5,1,False
ISIC_0033025,nv,5,4,1,True
ISIC_0033053,nv,5,4,1,True
ISIC_0029684,nv,5,5,1,False
ISIC_0027189,bcc,1,4,1,False
ISIC_0032786,nv,5,5,1,False
ISIC_0033788,nv,5,4,1,True
ISIC_0033982,nv,5,5,1,False
ISIC_0026547,nv,5,5,1,False
ISIC_0024571,mel,4,0,1,True
ISIC_0029893,mel,4,0,1,True
ISIC_0029029,bkl,2,2,1,False
ISIC_0029785,nv,5,5,1,False
ISIC_0026189,nv,5,5,1,False
ISIC_0029572,nv,5,5,1,False
ISIC_0031197,vasc,6,6,1,False
ISIC_0031270,vasc,6,6,1,False
ISIC_0030917,nv,5,5,1,False
ISIC_0026923,bkl,2,2,1,False
ISIC_0027147,nv,5,5,1,False
ISIC_0029679,nv,5,4,1,True
ISIC_0027809,nv,5,5,1,False
ISIC_0025632,nv,5,5,1,False
ISIC_0028532,nv,5,5,1,False
ISIC_0031123,df,3,5,1,False
ISIC_0024845,df,3,3,1,False
ISIC_0028893,nv,5,5,1,False
ISIC_0027728,nv,5,5,1,False
ISIC_0025949,nv,5,5,1,False
ISIC_0028731,nv,5,5,1,False
ISIC_0031128,nv,5,5,1,False
ISIC_0024558,nv,5,5,1,False
ISIC_0029292,nv,5,5,1,False
ISIC_0026540,nv,5,5,1,False
ISIC_0024527,nv,5,5,1,False
ISIC_0026592,nv,5,5,1,False
ISIC_0030914,nv,5,5,1,False
ISIC_0032759,nv,5,5,1,False
ISIC_0025503,nv,5,5,1,False
ISIC_0026113,mel,4,4,1,False
ISIC_0032265,mel,4,4,1,False
ISIC_0033013,nv,5,4,1,True
ISIC_0032809,nv,5,4,1,True
ISIC_0030976,bkl,2,3,1,True
ISIC_0026635,nv,5,5,1,False
ISIC_0027839,nv,5,5,1,False
ISIC_0027640,nv,5,5,1,False
ISIC_0024535,nv,5,5,1,False
ISIC_0030169,nv,5,4,1,True
ISIC_0032969,nv,5,5,1,False
ISIC_0033894,nv,5,4,1,True
ISIC_0032226,nv,5,5,1,False
ISIC_0029053,bcc,1,1,1,False
ISIC_0027788,bcc,1,1,1,False
ISIC_0029643,nv,5,5,1,False
ISIC_0031859,nv,5,5,1,False
ISIC_0033682,nv,5,5,1,False
ISIC_0033890,nv,5,5,1,False
ISIC_0029732,nv,5,5,1,False
ISIC_0028155,bcc,1,1,1,False
ISIC_0026445,nv,5,4,1,True
ISIC_0026992,akiec,0,0,1,False
ISIC_0029563,akiec,0,4,1,False
ISIC_0029429,nv,5,5,1,False
ISIC_0025305,nv,5,4,1,True
ISIC_0033450,vasc,6,6,1,False
ISIC_0033254,vasc,6,4,1,False
ISIC_0026930,mel,4,5,1,True
ISIC_0027350,mel,4,4,1,False
ISIC_0026598,nv,5,5,1,False
ISIC_0025560,nv,5,5,1,False
ISIC_0029506,nv,5,5,1,False
ISIC_0032761,nv,5,4,1,True
ISIC_0033160,nv,5,5,1,False
ISIC_0033930,nv,5,5,1,False
ISIC_0027185,nv,5,5,1,False
ISIC_0024675,mel,4,4,1,False
ISIC_0025891,mel,4,5,1,True
ISIC_0027756,nv,5,5,1,False
ISIC_0032125,nv,5,5,1,False
ISIC_0025172,nv,5,5,1,False
ISIC_0032744,nv,5,2,1,True
ISIC_0027210,vasc,6,6,1,False
ISIC_0025924,vasc,6,6,1,False
ISIC_0025962,nv,5,5,1,False
ISIC_0027231,akiec,0,2,1,False
ISIC_0031072,nv,5,5,1,False
ISIC_0024990,nv,5,5,1,False
ISIC_0031763,nv,5,5,1,False
ISIC_0026300,nv,5,5,1,False
ISIC_0028452,nv,5,5,1,False
ISIC_0030286,nv,5,5,1,False
ISIC_0030722,vasc,6,6,1,False
ISIC_0029207,nv,5,5,1,False
ISIC_0029458,nv,5,5,1,False
ISIC_0031025,mel,4,5,1,True
ISIC_0029272,mel,4,5,1,True
ISIC_0028205,nv,5,5,1,False
ISIC_0027806,bkl,2,2,1,False
ISIC_0024636,nv,5,5,1,False
ISIC_0031884,nv,5,4,1,True
ISIC_0033817,vasc,6,6,1,False
ISIC_0026815,nv,5,5,1,False
ISIC_0032994,nv,5,4,1,True
ISIC_0033604,nv,5,5,1,False
ISIC_0028733,nv,5,5,1,False
ISIC_0025434,bkl,2,2,1,False
ISIC_0028165,bkl,2,4,1,True
ISIC_0030010,bcc,1,1,1,False
ISIC_0025930,nv,5,5,1,False
ISIC_0025514,nv,5,5,1,False
ISIC_0031463,nv,5,5,1,False
ISIC_0029657,nv,5,5,1,False
ISIC_0031919,nv,5,2,1,True
ISIC_0029485,nv,5,5,1,False
ISIC_0025953,akiec,0,0,1,False
ISIC_0032314,bcc,1,1,1,False
ISIC_0029400,nv,5,5,1,False
ISIC_0030738,nv,5,5,1,False
ISIC_0031261,bkl,2,2,1,False
ISIC_0024992,nv,5,5,1,False
ISIC_0027074,nv,5,5,1,False
ISIC_0030201,nv,5,5,1,False
ISIC_0027790,vasc,6,6,1,False
ISIC_0024728,nv,5,5,1,False
ISIC_0027704,bcc,1,1,1,False
ISIC_0024552,mel,4,4,1,False
ISIC_0024741,bkl,2,4,1,True
ISIC_0026646,nv,5,5,1,False
ISIC_0030852,nv,5,5,1,False
ISIC_0030652,nv,5,5,1,False
ISIC_0031204,nv,5,5,1,False
ISIC_0025448,nv,5,5,1,False
ISIC_0026682,nv,5,2,1,True
ISIC_0030821,akiec,0,4,1,False
ISIC_0027516,nv,5,5,1,False
ISIC_0024487,nv,5,5,1,False
ISIC_0025558,nv,5,5,1,False
ISIC_0027077,nv,5,5,1,False
ISIC_0032096,nv,5,5,1,False
ISIC_0033651,mel,4,4,1,False
ISIC_0033304,mel,4,4,1,False
ISIC_0031983,nv,5,5,1,False
ISIC_0025479,nv,5,5,1,False
ISIC_0030206,nv,5,4,1,True
ISIC_0028604,nv,5,5,1,False
ISIC_0031514,nv,5,5,1,False
ISIC_0026269,nv,5,5,1,False
ISIC_0033336,mel,4,2,1,True
ISIC_0033405,mel,4,2,1,True
ISIC_0034188,mel,4,5,1,True
ISIC_0031989,bkl,2,4,1,True
ISIC_0028668,nv,5,5,1,False
ISIC_0033325,mel,4,2,1,True
ISIC_0034208,mel,4,4,1,False
ISIC_0027894,nv,5,5,1,False
ISIC_0024553,df,3,1,1,False
ISIC_0027933,nv,5,5,1,False
ISIC_0028513,nv,5,5,1,False
ISIC_0029052,df,3,3,1,False
ISIC_0028525,bkl,2,2,1,False
ISIC_0033410,bkl,2,2,1,False
ISIC_0032725,bkl,2,2,1,False
ISIC_0033177,nv,5,5,1,False
ISIC_0033086,nv,5,4,1,True
ISIC_0032720,nv,5,5,1,False
ISIC_0033132,nv,5,4,1,True
ISIC_0033821,nv,5,4,1,True
ISIC_0026144,nv,5,5,1,False
ISIC_0030029,nv,5,5,1,False
ISIC_0033074,mel,4,5,1,True
ISIC_0034087,mel,4,5,1,True
ISIC_0032722,mel,4,4,1,False
ISIC_0030336,nv,5,5,1,False
ISIC_0027970,nv,5,5,1,False
ISIC_0032094,nv,5,5,1,False
ISIC_0028378,nv,5,5,1,False
ISIC_0026852,nv,5,4,1,True
ISIC_0024430,nv,5,5,1,False
ISIC_0033988,nv,5,5,1,False
ISIC_0032859,nv,5,5,1,False
ISIC_0032795,nv,5,5,1,False
ISIC_0031833,nv,5,5,1,False
ISIC_0027087,nv,5,4,1,True
ISIC_0030954,bcc,1,1,1,False
ISIC_0028705,nv,5,5,1,False
ISIC_0028650,bkl,2,2,1,False
ISIC_0027973,bkl,2,4,1,True
ISIC_0031968,nv,5,5,1,False
ISIC_0031052,nv,5,4,1,True
ISIC_0030035,nv,5,5,1,False
ISIC_0030344,akiec,0,0,1,False
ISIC_0027329,nv,5,5,1,False
ISIC_0032000,nv,5,5,1,False
ISIC_0027906,nv,5,5,1,False
ISIC_0026089,mel,4,4,1,False
ISIC_0024930,mel,4,4,1,False
ISIC_0028680,vasc,6,6,1,False
ISIC_0032949,bkl,2,4,1,True
ISIC_0033322,bkl,2,2,1,False
ISIC_0033127,bkl,2,2,1,False
ISIC_0027176,nv,5,5,1,False
ISIC_0026119,nv,5,5,1,False
ISIC_0025166,nv,5,2,1,True
ISIC_0028938,nv,5,5,1,False
ISIC_0026610,nv,5,2,1,True
ISIC_0032469,nv,5,5,1,False
ISIC_0025749,nv,5,5,1,False
ISIC_0030214,nv,5,5,1,False
ISIC_0028947,nv,5,5,1,False
ISIC_0026628,nv,5,5,1,False
ISIC_0027213,nv,5,5,1,False
ISIC_0024963,nv,5,0,1,True
ISIC_0030984,nv,5,5,1,False
ISIC_0025075,bkl,2,2,1,False
ISIC_0027072,nv,5,5,1,False
ISIC_0030378,nv,5,5,1,False
ISIC_0030102,nv,5,5,1,False
ISIC_0032353,nv,5,5,1,False
ISIC_0028528,nv,5,4,1,True
ISIC_0029945,nv,5,4,1,True
ISIC_0031453,nv,5,4,1,True
ISIC_0024363,nv,5,5,1,False
ISIC_0030210,nv,5,5,1,False
ISIC_0030417,mel,4,0,1,True
ISIC_0024841,nv,5,4,1,True
ISIC_0029121,nv,5,4,1,True
ISIC_0028321,nv,5,5,1,False
ISIC_0028763,akiec,0,1,1,False
ISIC_0030161,nv,5,5,1,False
ISIC_0027063,mel,4,4,1,False
ISIC_0032331,mel,4,4,1,False
ISIC_0026984,akiec,0,4,1,False
ISIC_0030121,nv,5,4,1,True
ISIC_0029736,nv,5,5,1,False
ISIC_0031153,nv,5,5,1,False
ISIC_0032144,nv,5,5,1,False
ISIC_0025923,nv,5,5,1,False
ISIC_0029995,mel,4,4,1,False
ISIC_0027101,mel,4,4,1,False
ISIC_0026652,mel,4,3,1,True
ISIC_0025882,nv,5,5,1,False
ISIC_0027638,nv,5,5,1,False
ISIC_0028353,nv,5,5,1,False
ISIC_0030855,nv,5,5,1,False
ISIC_0025098,nv,5,5,1,False
ISIC_0032199,akiec,0,0,1,False
ISIC_0026882,nv,5,5,1,False
ISIC_0026243,nv,5,5,1,False
ISIC_0033605,nv,5,4,1,True
ISIC_0033961,nv,5,5,1,False
ISIC_0033702,nv,5,5,1,False
ISIC_0027864,nv,5,5,1,False
ISIC_0026258,mel,4,4,1,False
ISIC_0025235,mel,4,4,1,False
ISIC_0026226,nv,5,1,1,True
ISIC_0028174,nv,5,5,1,False
ISIC_0024566,nv,5,1,1,True
ISIC_0025112,nv,5,1,1,True
ISIC_0024415,nv,5,5,1,False
ISIC_0032475,nv,5,5,1,False
ISIC_0032294,nv,5,5,1,False
ISIC_0030711,nv,5,5,1,False
ISIC_0029988,nv,5,5,1,False
ISIC_0028058,nv,5,5,1,False
ISIC_0028978,bcc,1,1,1,False
ISIC_0028728,bcc,1,3,1,False
ISIC_0028614,nv,5,5,1,False
ISIC_0031542,bkl,2,5,1,True
ISIC_0032875,mel,4,4,1,False
ISIC_0033802,mel,4,4,1,False
ISIC_0033429,mel,4,4,1,False
ISIC_0029694,nv,5,5,1,False
ISIC_0025629,nv,5,5,1,False
ISIC_0027736,nv,5,5,1,False
ISIC_0028163,vasc,6,6,1,False
ISIC_0024669,vasc,6,6,1,False
ISIC_0024852,nv,5,5,1,False
ISIC_0024903,nv,5,5,1,False
ISIC_0028397,nv,5,5,1,False
ISIC_0029444,nv,5,5,1,False
ISIC_0024799,bcc,1,5,1,False
ISIC_0028542,bcc,1,6,1,False
ISIC_0029392,bcc,1,1,1,False
ISIC_0030146,nv,5,5,1,False
ISIC_0028348,nv,5,5,1,False
ISIC_0026128,nv,5,5,1,False
ISIC_0024559,nv,5,5,1,False
ISIC_0029178,nv,5,5,1,False
ISIC_0031331,nv,5,4,1,True
ISIC_0034046,mel,4,4,1,False
ISIC_0032550,mel,4,4,1,False
ISIC_0033700,mel,4,4,1,False
ISIC_0024454,bcc,1,1,1,False
ISIC_0027940,nv,5,5,1,False
ISIC_0031951,bkl,2,2,1,False
ISIC_0027094,bkl,2,2,1,False
ISIC_0024663,nv,5,5,1,False
ISIC_0032542,nv,5,4,1,True
ISIC_0034224,nv,5,4,1,True
ISIC_0030424,nv,5,5,1,False
ISIC_0031736,nv,5,5,1,False
ISIC_0024536,nv,5,5,1,False
ISIC_0026261,nv,5,5,1,False
ISIC_0033848,mel,4,4,1,False
ISIC_0032622,mel,4,4,1,False
ISIC_0034246,mel,4,4,1,False
ISIC_0024619,nv,5,5,1,False
ISIC_0024771,akiec,0,0,1,False
ISIC_0024468,akiec,0,0,1,False
ISIC_0031823,akiec,0,0,1,False
ISIC_0029528,nv,5,5,1,False
ISIC_0028074,nv,5,5,1,False
ISIC_0031234,nv,5,5,1,False
ISIC_0027622,mel,4,4,1,False
ISIC_0027934,nv,5,5,1,False
ISIC_0030069,nv,5,5,1,False
ISIC_0026133,nv,5,5,1,False
ISIC_0027577,akiec,0,1,1,False
ISIC_0026916,mel,4,4,1,False
ISIC_0027863,mel,4,4,1,False
ISIC_0027711,nv,5,5,1,False
ISIC_0026390,nv,5,5,1,False
ISIC_0030665,df,3,3,1,False
ISIC_0031738,akiec,0,4,1,False
ISIC_0031772,nv,5,5,1,False
ISIC_0030759,mel,4,2,1,True
ISIC_0024886,mel,4,2,1,True
ISIC_0033018,nv,5,5,1,False
ISIC_0032541,nv,5,5,1,False
ISIC_0032515,nv,5,5,1,False
ISIC_0028727,nv,5,4,1,True
ISIC_0034250,nv,5,5,1,False
ISIC_0025228,nv,5,4,1,True
ISIC_0034228,nv,5,5,1,False
ISIC_0026230,bcc,1,4,1,False
ISIC_0026395,bcc,1,5,1,False
ISIC_0027754,bkl,2,4,1,True
ISIC_0027791,nv,5,4,1,True
ISIC_0031461,nv,5,5,1,False
ISIC_0034022,mel,4,5,1,True
ISIC_0033017,mel,4,4,1,False
ISIC_0033874,mel,4,2,1,True
ISIC_0027308,nv,5,4,1,True
ISIC_0030174,nv,5,5,1,False
ISIC_0028078,nv,5,5,1,False
ISIC_0030266,nv,5,5,1,False
ISIC_0026221,nv,5,5,1,False
ISIC_0028032,nv,5,5,1,False
ISIC_0028231,akiec,0,0,1,False
ISIC_0024399,nv,5,5,1,False
ISIC_0032862,mel,4,4,1,False
ISIC_0033073,mel,4,4,1,False
ISIC_0033696,mel,4,4,1,False
ISIC_0026818,nv,5,5,1,False
ISIC_0026914,nv,5,5,1,False
ISIC_0027321,nv,5,5,1,False
ISIC_0028251,nv,5,5,1,False
ISIC_0031613,nv,5,5,1,False
ISIC_0030811,nv,5,5,1,False
ISIC_0028541,nv,5,5,1,False
ISIC_0028212,nv,5,5,1,False
ISIC_0031206,nv,5,5,1,False
ISIC_0027449,nv,5,5,1,False
ISIC_0028368,nv,5,5,1,False
ISIC_0028843,nv,5,5,1,False
ISIC_0026247,mel,4,5,1,True
ISIC_0028467,mel,4,5,1,True
ISIC_0033728,mel,4,4,1,False
ISIC_0030515,nv,5,5,1,False
ISIC_0032584,nv,5,5,1,False
ISIC_0033731,nv,5,5,1,False
ISIC_0032644,nv,5,5,1,False
ISIC_0027243,nv,5,5,1,False
ISIC_0026248,bkl,2,2,1,False
ISIC_0027194,bkl,2,2,1,False
ISIC_0024725,nv,5,5,1,False
ISIC_0031259,nv,5,5,1,False
ISIC_0025341,nv,5,5,1,False
ISIC_0028993,nv,5,5,1,False
ISIC_0029600,bkl,2,5,1,True
ISIC_0024397,nv,5,5,1,False
ISIC_0033449,bkl,2,2,1,False
ISIC_0033676,bkl,2,2,1,False
ISIC_0030686,nv,5,5,1,False
ISIC_0030156,nv,5,5,1,False
ISIC_0026132,akiec,0,4,1,False
ISIC_0032430,mel,4,5,1,True
ISIC_0027573,mel,4,5,1,True
ISIC_0030533,bkl,2,5,1,True
ISIC_0024715,nv,5,5,1,False
ISIC_0028259,nv,5,5,1,False
ISIC_0033792,nv,5,5,1,False
ISIC_0030492,nv,5,4,1,True
ISIC_0033926,nv,5,4,1,True
ISIC_0026329,nv,5,5,1,False
ISIC_0024784,nv,5,5,1,False
ISIC_0031607,nv,5,5,1,False
ISIC_0030298,nv,5,5,1,False
ISIC_0025634,nv,5,5,1,False
ISIC_0033854,bkl,2,5,1,True
ISIC_0031100,nv,5,5,1,False
ISIC_0028287,nv,5,4,1,True
ISIC_0024902,nv,5,5,1,False
ISIC_0027415,nv,5,5,1,False
ISIC_0026683,nv,5,5,1,False
ISIC_0033167,nv,5,5,1,False
ISIC_0033937,nv,5,5,1,False
ISIC_0026284,nv,5,5,1,False
ISIC_0029866,nv,5,5,1,False
ISIC_0031192,nv,5,2,1,True
ISIC_0026334,nv,5,5,1,False
ISIC_0028207,nv,5,5,1,False
ISIC_0028176,nv,5,5,1,False
ISIC_0029344,nv,5,5,1,False
ISIC_0031348,nv,5,5,1,False
ISIC_0027966,bcc,1,1,1,False
ISIC_0024448,bcc,1,1,1,False
ISIC_0032022,bcc,1,1,1,False
ISIC_0027712,nv,5,5,1,False
ISIC_0031804,nv,5,5,1,False
ISIC_0028590,nv,5,5,1,False
ISIC_0034229,nv,5,4,1,True
ISIC_0028066,nv,5,4,1,True
ISIC_0031319,nv,5,5,1,False
ISIC_0026702,akiec,0,0,1,False
ISIC_0025821,nv,5,5,1,False
ISIC_0031164,nv,5,5,1,False
ISIC_0027830,nv,5,5,1,False
ISIC_0030698,bkl,2,2,1,False
ISIC_0025567,bkl,2,2,1,False
ISIC_0030662,nv,5,5,1,False
ISIC_0033940,nv,5,4,1,True
ISIC_0033818,nv,5,5,1,False
ISIC_0034029,nv,5,5,1,False
ISIC_0030592,nv,5,4,1,True
ISIC_0030082,nv,5,4,1,True
ISIC_0031558,bkl,2,5,1,True
ISIC_0034003,bkl,2,1,1,True
ISIC_0033079,bkl,2,2,1,False
ISIC_0024503,nv,5,5,1,False
ISIC_0029667,nv,5,5,1,False
ISIC_0025792,nv,5,5,1,False
ISIC_0029804,nv,5,5,1,False
ISIC_0033356,nv,5,5,1,False
ISIC_0033998,nv,5,5,1,False
ISIC_0030345,nv,5,5,1,False
ISIC_0024631,nv,5,5,1,False
ISIC_0032702,nv,5,4,1,True
ISIC_0033667,nv,5,5,1,False
ISIC_0033107,nv,5,5,1,False
ISIC_0026879,nv,5,5,1,False
ISIC_0026957,bcc,1,5,1,False
ISIC_0024501,nv,5,5,1,False
ISIC_0029584,nv,5,5,1,False
ISIC_0024531,nv,5,5,1,False
ISIC_0029203,nv,5,2,1,True
ISIC_0028166,nv,5,5,1,False
ISIC_0026406,nv,5,5,1,False
ISIC_0027033,mel,4,4,1,False
ISIC_0027822,mel,4,5,1,True
ISIC_0029578,df,3,3,1,False
ISIC_0028230,nv,5,4,1,True
ISIC_0024660,nv,5,5,1,False
ISIC_0031923,nv,5,3,1,True
ISIC_0024551,nv,5,5,1,False
ISIC_0029976,nv,5,5,1,False
ISIC_0031001,nv,5,5,1,False
ISIC_0028740,nv,5,5,1,False
ISIC_0025490,nv,5,5,1,False
ISIC_0028962,nv,5,5,1,False
ISIC_0032228,nv,5,5,1,False
ISIC_0029678,bkl,2,5,1,True
ISIC_0024612,bkl,2,5,1,True
ISIC_0031707,bkl,2,5,1,True
ISIC_0034131,nv,5,5,1,False
ISIC_0032901,nv,5,5,1,False
ISIC_0028151,nv,5,5,1,False
ISIC_0028191,nv,5,5,1,False
ISIC_0032839,vasc,6,6,1,False
ISIC_0032932,vasc,6,6,1,False
ISIC_0028664,nv,5,5,1,False
ISIC_0031794,nv,5,5,1,False
ISIC_0032462,mel,4,5,1,True
ISIC_0026149,akiec,0,0,1,False
ISIC_0025992,akiec,0,0,1,False
ISIC_0030150,mel,4,4,1,False
ISIC_0029552,nv,5,5,1,False
ISIC_0030903,nv,5,5,1,False
ISIC_0034278,nv,5,4,1,True
ISIC_0033102,nv,5,4,1,True
ISIC_0031862,nv,5,5,1,False
ISIC_0031521,nv,5,5,1,False
ISIC_0034136,nv,5,5,1,False
ISIC_0033386,nv,5,5,1,False
ISIC_0033003,nv,5,5,1,False
ISIC_0030679,nv,5,5,1,False
ISIC_0026935,nv,5,5,1,False
ISIC_0031956,nv,5,5,1,False
ISIC_0028679,nv,5,4,1,True
ISIC_0025131,bkl,2,2,1,False
ISIC_0024877,bkl,2,2,1,False
ISIC_0030835,bkl,2,2,1,False
ISIC_0029653,nv,5,5,1,False
ISIC_0029374,nv,5,5,1,False
ISIC_0024731,nv,5,5,1,False
ISIC_0032248,mel,4,4,1,False
ISIC_0031611,nv,5,5,1,False
ISIC_0032074,nv,5,5,1,False
ISIC_0027494,nv,5,5,1,False
ISIC_0031274,nv,5,5,1,False
ISIC_0027893,bkl,2,4,1,True
ISIC_0030935,bkl,2,4,1,True
ISIC_0029213,bkl,2,4,1,True
ISIC_0032040,bkl,2,2,1,False
ISIC_0025462,nv,5,5,1,False
ISIC_0032606,nv,5,4,1,True
ISIC_0028031,nv,5,5,1,False
ISIC_0033623,nv,5,5,1,False
ISIC_0028170,nv,5,4,1,True
ISIC_0024955,nv,5,5,1,False
ISIC_0030038,nv,5,5,1,False
ISIC_0032838,nv,5,4,1,True
ISIC_0034230,nv,5,5,1,False
ISIC_0033057,nv,5,5,1,False
ISIC_0033904,nv,5,5,1,False
ISIC_0033342,nv,5,5,1,False
ISIC_0033265,nv,5,5,1,False
ISIC_0033628,nv,5,5,1,False
ISIC_0024608,nv,5,4,1,True
ISIC_0030841,nv,5,4,1,True
ISIC_0029302,bkl,2,5,1,True
ISIC_0032789,nv,5,5,1,False
ISIC_0024977,nv,5,5,1,False
ISIC_0029023,nv,5,5,1,False
ISIC_0029750,nv,5,5,1,False
ISIC_0027083,bkl,2,2,1,False
ISIC_0029778,bkl,2,4,1,True
ISIC_0028099,nv,5,5,1,False
ISIC_0029763,nv,5,5,1,False
ISIC_0024472,bcc,1,1,1,False
ISIC_0031175,bcc,1,1,1,False
ISIC_0030755,bcc,1,1,1,False
ISIC_0029393,nv,5,4,1,True
ISIC_0029762,nv,5,5,1,False
ISIC_0029784,nv,5,2,1,True
ISIC_0033931,mel,4,4,1,False
ISIC_0029531,nv,5,4,1,True
ISIC_0030961,nv,5,4,1,True
ISIC_0033902,mel,4,4,1,False
ISIC_0032774,mel,4,4,1,False
ISIC_0032071,nv,5,5,1,False
ISIC_0028543,mel,4,4,1,False
ISIC_0030281,mel,4,5,1,True
ISIC_0024481,mel,4,5,1,True
ISIC_0025268,mel,4,4,1,False
ISIC_0029314,nv,5,5,1,False
ISIC_0029713,akiec,0,0,1,False
ISIC_0024802,nv,5,5,1,False
ISIC_0033179,nv,5,5,1,False
ISIC_0034251,nv,5,5,1,False
ISIC_0033721,nv,5,5,1,False
ISIC_0026915,nv,5,5,1,False
ISIC_0030571,nv,5,5,1,False
ISIC_0025427,akiec,0,0,1,False
ISIC_0027132,nv,5,5,1,False
ISIC_0027683,nv,5,5,1,False
ISIC_0027569,nv,5,5,1,False
ISIC_0033417,nv,5,5,1,False
ISIC_0028474,nv,5,5,1,False
ISIC_0032020,nv,5,5,1,False
ISIC_0024745,nv,5,5,1,False
ISIC_0028643,nv,5,4,1,True
ISIC_0024657,nv,5,5,1,False
ISIC_0026370,nv,5,5,1,False
ISIC_0029051,bkl,2,5,1,True
ISIC_0029094,mel,4,4,1,False
ISIC_0033208,nv,5,5,1,False
ISIC_0026407,nv,5,5,1,False
ISIC_0029144,nv,5,5,1,False
ISIC_0024778,nv,5,5,1,False
ISIC_0030879,nv,5,5,1,False
ISIC_0031010,nv,5,5,1,False
ISIC_0027454,bkl,2,2,1,False
ISIC_0030685,nv,5,5,1,False
ISIC_0030365,bkl,2,4,1,True
ISIC_0027421,nv,5,5,1,False
ISIC_0028222,nv,5,5,1,False
ISIC_0031398,nv,5,5,1,False
ISIC_0029000,mel,4,5,1,True
ISIC_0025955,mel,4,4,1,False
ISIC_0030356,mel,4,3,1,True
ISIC_0024804,nv,5,5,1,False
ISIC_0032131,nv,5,5,1,False
ISIC_0024672,bkl,2,2,1,False
ISIC_0024547,bkl,2,4,1,True
ISIC_0032306,bkl,2,2,1,False
ISIC_0030186,nv,5,5,1,False
ISIC_0027825,bcc,1,1,1,False
ISIC_0029156,nv,5,5,1,False
ISIC_0027856,vasc,6,6,1,False
ISIC_0028661,nv,5,5,1,False
ISIC_0028337,nv,5,5,1,False
ISIC_0025150,nv,5,4,1,True
ISIC_0034309,nv,5,5,1,False
ISIC_0032685,mel,4,4,1,False
ISIC_0032903,mel,4,4,1,False
ISIC_0033323,mel,4,5,1,True
ISIC_0031805,nv,5,5,1,False
ISIC_0032996,nv,5,5,1,False
ISIC_0027657,nv,5,5,1,False
ISIC_0024776,nv,5,5,1,False
ISIC_0032167,nv,5,5,1,False
ISIC_0024989,nv,5,5,1,False
ISIC_0025848,nv,5,5,1,False
ISIC_0031428,bkl,2,4,1,True
ISIC_0026772,nv,5,5,1,False
ISIC_0032272,nv,5,5,1,False
ISIC_0028906,nv,5,5,1,False
ISIC_0026285,nv,5,5,1,False
ISIC_0030315,nv,5,5,1,False
ISIC_0030007,bkl,2,2,1,False
ISIC_0033614,nv,5,4,1,True
ISIC_0026200,nv,5,5,1,False
ISIC_0031471,nv,5,5,1,False
ISIC_0025383,bcc,1,1,1,False
ISIC_0025513,bcc,1,5,1,False
ISIC_0031565,mel,4,5,1,True
ISIC_0031864,nv,5,5,1,False
ISIC_0031405,nv,5,4,1,True
ISIC_0031819,bkl,2,1,1,True
ISIC_0029924,bkl,2,2,1,False
ISIC_0032290,bcc,1,1,1,False
ISIC_0028018,nv,5,5,1,False
ISIC_0028104,bkl,2,1,1,True
ISIC_0027990,bkl,2,2,1,False
ISIC_0033834,mel,4,4,1,False
ISIC_0033678,mel,4,4,1,False
ISIC_0032239,nv,5,5,1,False
ISIC_0028131,nv,5,5,1,False
ISIC_0025796,nv,5,5,1,False
ISIC_0028495,bcc,1,1,1,False
ISIC_0030574,bcc,1,1,1,False
ISIC_0025519,bkl,2,2,1,False
ISIC_0024735,nv,5,5,1,False
ISIC_0027123,nv,5,5,1,False
ISIC_0030004,nv,5,5,1,False
ISIC_0025337,bkl,2,4,1,True
ISIC_0033825,nv,5,4,1,True
ISIC_0033857,nv,5,4,1,True
ISIC_0032731,nv,5,4,1,True
ISIC_0033781,nv,5,4,1,True
ISIC_0034302,nv,5,5,1,False
ISIC_0025232,nv,5,5,1,False
ISIC_0026371,nv,5,5,1,False
ISIC_0024857,nv,5,2,1,True
ISIC_0029836,bkl,2,5,1,True
ISIC_0032129,bkl,2,5,1,True
ISIC_0031038,nv,5,5,1,False
ISIC_0030864,nv,5,5,1,False
ISIC_0034275,mel,4,4,1,False
ISIC_0033440,mel,4,4,1,False
ISIC_0028639,nv,5,5,1,False
ISIC_0031413,bcc,1,1,1,False
ISIC_0025940,bcc,1,0,1,False
ISIC_0028613,nv,5,5,1,False
ISIC_0032636,bkl,2,5,1,True
ISIC_0033270,bkl,2,5,1,True
ISIC_0033353,nv,5,5,1,False
ISIC_0029170,mel,4,5,1,True
ISIC_0028567,mel,4,5,1,True
ISIC_0029871,nv,5,4,1,True
ISIC_0032309,nv,5,5,1,False
ISIC_0028759,nv,5,5,1,False
ISIC_0029001,nv,5,5,1,False
ISIC_0028016,nv,5,5,1,False
ISIC_0029322,nv,5,5,1,False
ISIC_0034027,nv,5,4,1,True
ISIC_0026173,nv,5,5,1,False
ISIC_0024921,nv,5,5,1,False
ISIC_0025195,mel,4,4,1,False
ISIC_0030470,nv,5,4,1,True
ISIC_0025069,akiec,0,4,1,False
ISIC_0030808,nv,5,5,1,False
ISIC_0030957,nv,5,5,1,False
ISIC_0032362,nv,5,5,1,False
ISIC_0030301,nv,5,5,1,False
ISIC_0029907,nv,5,5,1,False
ISIC_0031059,nv,5,5,1,False
ISIC_0030355,nv,5,5,1,False
ISIC_0025242,nv,5,5,1,False
ISIC_0026467,vasc,6,6,1,False
ISIC_0025736,nv,5,5,1,False
ISIC_0028690,nv,5,5,1,False
ISIC_0033707,nv,5,5,1,False
ISIC_0033912,nv,5,5,1,False
ISIC_0031732,nv,5,5,1,False
ISIC_0033646,bkl,2,2,1,False
ISIC_0033592,bkl,2,2,1,False
ISIC_0033899,bkl,2,4,1,True
ISIC_0032696,bcc,1,1,1,False
ISIC_0024887,nv,5,5,1,False
ISIC_0031020,nv,5,5,1,False
ISIC_0028301,nv,5,5,1,False
ISIC_0034062,mel,4,2,1,True
ISIC_0034170,mel,4,4,1,False
ISIC_0025425,vasc,6,6,1,False
ISIC_0028675,nv,5,5,1,False
ISIC_0026031,nv,5,5,1,False
ISIC_0030260,nv,5,4,1,True
ISIC_0027535,nv,5,5,1,False
ISIC_0025751,mel,4,4,1,False
ISIC_0028109,mel,4,4,1,False
ISIC_0032117,nv,5,5,1,False
ISIC_0031231,nv,5,5,1,False
ISIC_0033331,nv,5,5,1,False
ISIC_0034192,nv,5,4,1,True
ISIC_0033689,nv,5,5,1,False
ISIC_0028055,nv,5,5,1,False
ISIC_0027190,mel,4,4,1,False
ISIC_0030393,nv,5,5,1,False
ISIC_0025077,nv,5,5,1,False
ISIC_0030762,nv,5,5,1,False
ISIC_0032829,bkl,2,2,1,False
ISIC_0033601,bkl,2,2,1,False
ISIC_0025542,nv,5,5,1,False
ISIC_0027109,nv,5,5,1,False
ISIC_0029095,nv,5,5,1,False
ISIC_0032621,nv,5,5,1,False
ISIC_0033328,nv,5,5,1,False
ISIC_0026310,nv,5,5,1,False
ISIC_0032794,nv,5,4,1,True
ISIC_0032801,nv,5,4,1,True
ISIC_0025236,nv,5,5,1,False
ISIC_0025501,nv,5,5,1,False
ISIC_0033807,mel,4,4,1,False
ISIC_0033533,mel,4,4,1,False
ISIC_0033384,nv,5,5,1,False
ISIC_0032830,nv,5,4,1,True
ISIC_0024542,nv,5,5,1,False
ISIC_0028818,bcc,1,1,1,False
ISIC_0025847,nv,5,5,1,False
ISIC_0025958,nv,5,4,1,True
ISIC_0031120,nv,5,5,1,False
ISIC_0029449,nv,5,5,1,False
ISIC_0032122,nv,5,5,1,False
ISIC_0028402,nv,5,5,1,False
ISIC_0029904,nv,5,5,1,False
ISIC_0031850,nv,5,5,1,False
ISIC_0026724,nv,5,5,1,False
ISIC_0034299,bcc,1,1,1,False
ISIC_0032808,bcc,1,5,1,False
ISIC_0032361,nv,5,5,1,False
ISIC_0027476,nv,5,5,1,False
ISIC_0028492,nv,5,5,1,False
ISIC_0028269,nv,5,5,1,False
ISIC_0028128,nv,5,5,1,False
ISIC_0030122,mel,4,4,1,False
ISIC_0025941,mel,4,4,1,False
ISIC_0027701,nv,5,5,1,False
ISIC_0024864,mel,4,4,1,False
ISIC_0034189,bkl,2,2,1,False
ISIC_0033306,bkl,2,2,1,False
ISIC_0025354,nv,5,5,1,False
ISIC_0025356,nv,5,5,1,False
ISIC_0032432,nv,5,5,1,False
ISIC_0031922,akiec,0,0,1,False
ISIC_0030844,akiec,0,3,1,False
ISIC_0025697,nv,5,5,1,False
ISIC_0027424,nv,5,2,1,True
ISIC_0027917,nv,5,5,1,False
ISIC_0030418,nv,5,5,1,False
ISIC_0026291,bkl,2,2,1,False
ISIC_0028105,nv,5,5,1,False
ISIC_0029113,bkl,2,2,1,False
ISIC_0026843,bkl,2,5,1,True
ISIC_0025699,bkl,2,5,1,True
ISIC_0029617,bkl,2,5,1,True
ISIC_0031184,nv,5,5,1,False
ISIC_0030022,nv,5,5,1,False
ISIC_0031577,bkl,2,5,1,True
ISIC_0024629,nv,5,5,1,False
ISIC_0029542,nv,5,5,1,False
ISIC_0028530,nv,5,5,1,False
ISIC_0027563,vasc,6,6,1,False
ISIC_0028533,nv,5,5,1,False
ISIC_0027513,bkl,2,5,1,True
ISIC_0033264,bkl,2,5,1,True
ISIC_0024826,nv,5,5,1,False
ISIC_0025063,bkl,2,2,1,False
ISIC_0033798,nv,5,5,1,False
ISIC_0033014,nv,5,5,1,False
ISIC_0032516,nv,5,5,1,False
ISIC_0029451,nv,5,5,1,False
ISIC_0032416,nv,5,5,1,False
ISIC_0034043,nv,5,5,1,False
ISIC_0032326,nv,5,5,1,False
ISIC_0032241,nv,5,5,1,False
ISIC_0027341,nv,5,5,1,False
ISIC_0029501,bcc,1,2,1,False
ISIC_0030570,nv,5,5,1,False
ISIC_0024320,nv,5,5,1,False
ISIC_0032352,nv,5,5,1,False
ISIC_0034203,nv,5,1,1,True
ISIC_0033311,nv,5,1,1,True
ISIC_0032700,nv,5,1,1,True
ISIC_0027331,nv,5,5,1,False
ISIC_0024614,nv,5,5,1,False
ISIC_0031813,nv,5,5,1,False
ISIC_0030354,nv,5,5,1,False
ISIC_0024760,bkl,2,2,1,False
ISIC_0026335,bkl,2,2,1,False
ISIC_0028768,nv,5,5,1,False
ISIC_0031824,bcc,1,2,1,False
ISIC_0030145,bcc,1,2,1,False
ISIC_0025233,nv,5,5,1,False
ISIC_0027531,bcc,1,4,1,False
ISIC_0024331,bcc,1,1,1,False
ISIC_0033387,mel,4,5,1,True
ISIC_0025592,mel,4,5,1,True
ISIC_0032552,mel,4,5,1,True
ISIC_0031503,nv,5,5,1,False
ISIC_0029685,nv,5,5,1,False
ISIC_0030871,nv,5,5,1,False
ISIC_0026305,nv,5,5,1,False
ISIC_0028454,nv,5,5,1,False
ISIC_0028375,nv,5,5,1,False
ISIC_0029078,nv,5,5,1,False
ISIC_0030965,bkl,2,4,1,True
ISIC_0027843,nv,5,5,1,False
ISIC_0029903,nv,5,5,1,False
ISIC_0031682,nv,5,4,1,True
ISIC_0031935,nv,5,5,1,False
ISIC_0033652,nv,5,4,1,True
ISIC_0033944,nv,5,4,1,True
ISIC_0032717,nv,5,5,1,False
ISIC_0031117,nv,5,4,1,True
ISIC_0026380,nv,5,5,1,False
ISIC_0025320,nv,5,5,1,False
ISIC_0029817,nv,5,5,1,False
ISIC_0032493,nv,5,5,1,False
ISIC_0033858,nv,5,5,1,False
ISIC_0033198,mel,4,2,1,True
ISIC_0032790,mel,4,3,1,True
ISIC_0033245,mel,4,4,1,False
ISIC_0026065,nv,5,5,1,False
ISIC_0030309,nv,5,5,1,False
ISIC_0032227,nv,5,5,1,False
ISIC_0027034,nv,5,5,1,False
ISIC_0031887,nv,5,5,1,False
ISIC_0025819,bkl,2,2,1,False
ISIC_0032013,bkl,2,2,1,False
ISIC_0025135,nv,5,5,1,False
ISIC_0029612,bkl,2,5,1,True
ISIC_0028913,bkl,2,0,1,True
ISIC_0029443,bkl,2,5,1,True
ISIC_0034179,nv,5,5,1,False
ISIC_0034206,nv,5,5,1,False
ISIC_0032980,nv,5,5,1,False
ISIC_0031739,nv,5,5,1,False
ISIC_0027658,nv,5,4,1,True
ISIC_0028678,nv,5,4,1,True
ISIC_0031643,bcc,1,1,1,False
ISIC_0031751,nv,5,5,1,False
ISIC_0029987,nv,5,5,1,False
ISIC_0028162,nv,5,5,1,False
ISIC_0031970,nv,5,5,1,False
ISIC_0028060,nv,5,5,1,False
ISIC_0031997,nv,5,5,1,False
ISIC_0028290,nv,5,5,1,False
ISIC_0024385,nv,5,5,1,False
ISIC_0029909,mel,4,0,1,True
ISIC_0026016,bkl,2,2,1,False
ISIC_0029505,bkl,2,2,1,False
ISIC_0031277,bkl,2,2,1,False
ISIC_0031853,bkl,2,2,1,False
ISIC_0029464,bkl,2,2,1,False
ISIC_0024915,bkl,2,2,1,False
ISIC_0029049,nv,5,2,1,True
ISIC_0029018,nv,5,5,1,False
ISIC_0029088,nv,5,5,1,False
ISIC_0030827,akiec,0,0,1,False
ISIC_0027602,nv,5,5,1,False
ISIC_0033394,mel,4,4,1,False
ISIC_0034233,mel,4,4,1,False
ISIC_0031841,nv,5,5,1,False
ISIC_0026451,nv,5,4,1,True
ISIC_0032385,nv,5,2,1,True
ISIC_0029970,nv,5,5,1,False
ISIC_0025101,nv,5,5,1,False
ISIC_0027247,nv,5,5,1,False
ISIC_0026822,nv,5,5,1,False
ISIC_0024590,bcc,1,1,1,False
ISIC_0028765,bcc,1,1,1,False
ISIC_0026267,nv,5,4,1,True
ISIC_0029991,bkl,2,1,1,True
ISIC_0025376,bkl,2,1,1,True
ISIC_0024786,bkl,2,2,1,False
ISIC_0030270,nv,5,5,1,False
ISIC_0033006,nv,5,5,1,False
ISIC_0032518,nv,5,4,1,True
ISIC_0033548,nv,5,4,1,True
ISIC_0029281,mel,4,5,1,True
ISIC_0024367,mel,4,4,1,False
ISIC_0024700,mel,4,4,1,False
ISIC_0029566,nv,5,4,1,True
ISIC_0026720,akiec,0,1,1,False
ISIC_0030487,akiec,0,0,1,False
ISIC_0032238,akiec,0,0,1,False
ISIC_0033335,nv,5,5,1,False
ISIC_0024357,nv,5,5,1,False
ISIC_0028127,mel,4,4,1,False
ISIC_0030165,mel,4,4,1,False
ISIC_0028546,nv,5,5,1,False
ISIC_0025054,nv,5,5,1,False
ISIC_0025725,nv,5,5,1,False
ISIC_0028844,nv,5,4,1,True
ISIC_0029136,nv,5,5,1,False
ISIC_0028974,nv,5,5,1,False
ISIC_0031291,nv,5,5,1,False
ISIC_0030549,akiec,0,5,1,False
ISIC_0033467,nv,5,5,1,False
ISIC_0026479,nv,5,5,1,False
ISIC_0027396,nv,5,5,1,False
ISIC_0030113,nv,5,5,1,False
ISIC_0024966,nv,5,5,1,False
ISIC_0027161,nv,5,5,1,False
ISIC_0034234,nv,5,5,1,False
ISIC_0033308,nv,5,5,1,False
ISIC_0034274,nv,5,4,1,True
ISIC_0028453,nv,5,6,1,True
ISIC_0028154,nv,5,6,1,True
ISIC_0031303,mel,4,4,1,False
ISIC_0025422,nv,5,5,1,False
ISIC_0030033,nv,5,5,1,False
ISIC_0029716,nv,5,5,1,False
ISIC_0031949,nv,5,5,1,False
ISIC_0030881,nv,5,5,1,False
ISIC_0025304,nv,5,5,1,False
ISIC_0030431,nv,5,5,1,False
ISIC_0027922,nv,5,5,1,False
ISIC_0025184,nv,5,5,1,False
ISIC_0025202,nv,5,5,1,False
ISIC_0025781,bkl,2,2,1,False
ISIC_0027700,akiec,0,4,1,False
ISIC_0028241,nv,5,5,1,False
ISIC_0033269,mel,4,4,1,False
ISIC_0028125,nv,5,5,1,False
ISIC_0029168,nv,5,5,1,False
ISIC_0033423,nv,5,5,1,False
ISIC_0033846,nv,5,5,1,False
ISIC_0033315,nv,5,4,1,True
ISIC_0028318,nv,5,5,1,False
ISIC_0033351,nv,5,5,1,False
ISIC_0033131,nv,5,5,1,False
ISIC_0033090,nv,5,2,1,True
ISIC_0032521,nv,5,5,1,False
ISIC_0032674,nv,5,4,1,True
ISIC_0033958,nv,5,5,1,False
ISIC_0024967,mel,4,4,1,False
ISIC_0033188,nv,5,5,1,False
ISIC_0033067,nv,5,5,1,False
ISIC_0032787,nv,5,5,1,False
ISIC_0027743,nv,5,5,1,False
ISIC_0025335,nv,5,5,1,False
ISIC_0025869,nv,5,5,1,False
ISIC_0033916,nv,5,5,1,False
ISIC_0032554,nv,5,5,1,False
ISIC_0028248,nv,5,5,1,False
ISIC_0033925,mel,4,2,1,True
ISIC_0033431,mel,4,2,1,True
ISIC_0029650,nv,5,5,1,False
ISIC_0029879,nv,5,5,1,False
ISIC_0029356,nv,5,5,1,False
ISIC_0034151,bkl,2,2,1,False
ISIC_0031107,nv,5,5,1,False
ISIC_0026022,nv,5,5,1,False
ISIC_0024727,nv,5,5,1,False
ISIC_0027624,nv,5,5,1,False
ISIC_0027222,nv,5,5,1,False
ISIC_0030994,nv,5,5,1,False
ISIC_0032068,nv,5,5,1,False
ISIC_0033299,mel,4,4,1,False
ISIC_0027375,nv,5,5,1,False
ISIC_0029610,akiec,0,5,1,False
ISIC_0032397,akiec,0,4,1,False
ISIC_0029268,akiec,0,2,1,False
ISIC_0024465,nv,5,5,1,False
ISIC_0032740,bkl,2,4,1,True
ISIC_0028157,nv,5,5,1,False
ISIC_0029978,nv,5,2,1,True
ISIC_0029741,bkl,2,2,1,False
ISIC_0032346,nv,5,5,1,False
ISIC_0033469,mel,4,4,1,False
ISIC_0025065,nv,5,5,1,False
ISIC_0027319,nv,5,5,1,False
ISIC_0027941,nv,5,5,1,False
ISIC_0029623,nv,5,5,1,False
ISIC_0026464,nv,5,5,1,False
ISIC_0030434,nv,5,5,1,False
ISIC_0033418,nv,5,5,1,False
ISIC_0034054,nv,5,4,1,True
ISIC_0030583,bkl,2,2,1,False
ISIC_0027543,nv,5,5,1,False
ISIC_0032892,mel,4,4,1,False
ISIC_0026595,nv,5,5,1,False
ISIC_0024580,nv,5,5,1,False
ISIC_0030979,nv,5,5,1,False
ISIC_0028145,nv,5,5,1,False
ISIC_0024316,nv,5,5,1,False
ISIC_0027740,nv,5,5,1,False
ISIC_0028681,bkl,2,5,1,True
ISIC_0031686,bkl,2,5,1,True
ISIC_0030013,nv,5,5,1,False
ISIC_0028150,nv,5,5,1,False
ISIC_0033555,nv,5,5,1,False
ISIC_0033963,nv,5,5,1,False
ISIC_0033793,nv,5,4,1,True
ISIC_0026864,nv,5,5,1,False
ISIC_0032460,bkl,2,2,1,False
ISIC_0028332,nv,5,4,1,True
ISIC_0032334,nv,5,5,1,False
ISIC_0030261,bcc,1,5,1,False
ISIC_0030068,nv,5,5,1,False
ISIC_0024796,nv,5,5,1,False
ISIC_0033241,mel,4,4,1,False
ISIC_0032598,mel,4,4,1,False
ISIC_0034289,mel,4,5,1,True
ISIC_0033564,nv,5,4,1,True
ISIC_0032627,nv,5,4,1,True
ISIC_0031016,bkl,2,2,1,False
ISIC_0027061,nv,5,5,1,False
ISIC_0030810,nv,5,4,1,True
ISIC_0029926,nv,5,5,1,False
ISIC_0031530,nv,5,5,1,False
ISIC_0032882,nv,5,5,1,False
ISIC_0034078,nv,5,4,1,True
ISIC_0032818,nv,5,4,1,True
ISIC_0027079,nv,5,5,1,False
ISIC_0033741,nv,5,5,1,False
ISIC_0030124,bkl,2,4,1,True
ISIC_0027810,nv,5,5,1,False
ISIC_0032424,mel,4,4,1,False
ISIC_0028584,mel,4,4,1,False
ISIC_0027625,nv,5,5,1,False
ISIC_0031942,nv,5,4,1,True
ISIC_0029435,nv,5,5,1,False
ISIC_0026776,nv,5,5,1,False
ISIC_0032266,nv,5,5,1,False
ISIC_0024883,bkl,2,5,1,True
ISIC_0025064,bkl,2,5,1,True
ISIC_0025040,bkl,2,5,1,True
ISIC_0032048,nv,5,5,1,False
ISIC_0027453,nv,5,5,1,False
ISIC_0026025,nv,5,5,1,False
ISIC_0024954,nv,5,5,1,False
ISIC_0028654,nv,5,5,1,False
ISIC_0027877,nv,5,5,1,False
ISIC_0026469,nv,5,5,1,False
ISIC_0030028,nv,5,5,1,False
ISIC_0033020,bcc,1,4,1,False
ISIC_0032768,bcc,1,1,1,False
ISIC_0033205,bcc,1,1,1,False
ISIC_0028951,nv,5,5,1,False
ISIC_0025573,mel,4,4,1,False
ISIC_0029705,mel,4,5,1,True
ISIC_0031877,nv,5,5,1,False
ISIC_0033150,nv,5,5,1,False
ISIC_0033698,nv,5,5,1,False
ISIC_0034240,nv,5,5,1,False
ISIC_0032124,bkl,2,2,1,False
ISIC_0024442,nv,5,5,1,False
ISIC_0031294,bcc,1,1,1,False
ISIC_0028719,bcc,1,1,1,False
ISIC_0029877,vasc,6,5,1,False
ISIC_0024589,nv,5,5,1,False
ISIC_0032965,mel,4,4,1,False
ISIC_0034242,mel,4,4,1,False
ISIC_0033117,mel,4,4,1,False
ISIC_0026807,nv,5,5,1,False
ISIC_0026674,nv,5,5,1,False
ISIC_0025533,nv,5,5,1,False
ISIC_0033042,mel,4,2,1,True
ISIC_0027148,nv,5,5,1,False
ISIC_0026431,nv,5,5,1,False
ISIC_0031946,nv,5,5,1,False
ISIC_0025522,nv,5,5,1,False
ISIC_0029255,nv,5,5,1,False
ISIC_0031978,nv,5,5,1,False
ISIC_0032120,nv,5,5,1,False
ISIC_0027799,nv,5,5,1,False
ISIC_0027071,mel,4,0,1,True
ISIC_0029780,mel,4,0,1,True
ISIC_0033765,nv,5,4,1,True
ISIC_0032490,nv,5,5,1,False
ISIC_0030445,mel,4,2,1,True
ISIC_0024476,nv,5,4,1,True
ISIC_0030978,nv,5,2,1,True
ISIC_0031316,nv,5,5,1,False
ISIC_0025190,nv,5,5,1,False
ISIC_0034252,bkl,2,4,1,True
ISIC_0033829,bkl,2,4,1,True
ISIC_0027372,nv,5,5,1,False
ISIC_0032402,nv,5,5,1,False
ISIC_0025102,bcc,1,1,1,False
ISIC_0032850,bcc,1,1,1,False
ISIC_0030712,bcc,1,1,1,False
ISIC_0034306,bcc,1,1,1,False
ISIC_0032799,bcc,1,1,1,False
ISIC_0028897,mel,4,4,1,False
ISIC_0025607,nv,5,5,1,False
ISIC_0034282,nv,5,5,1,False
ISIC_0033357,nv,5,5,1,False
ISIC_0034178,nv,5,5,1,False
ISIC_0030316,bkl,2,5,1,True
ISIC_0028734,nv,5,5,1,False
ISIC_0026125,nv,5,5,1,False
ISIC_0030818,mel,4,5,1,True
ISIC_0024659,nv,5,5,1,False
ISIC_0029704,nv,5,4,1,True
ISIC_0029882,nv,5,5,1,False
ISIC_0031882,nv,5,5,1,False
ISIC_0030101,nv,5,5,1,False
ISIC_0032489,nv,5,5,1,False
ISIC_0026060,bkl,2,0,1,True
ISIC_0030282,nv,5,5,1,False
ISIC_0030039,nv,5,5,1,False
ISIC_0027883,nv,5,4,1,True
ISIC_0025386,nv,5,5,1,False
ISIC_0024870,nv,5,5,1,False
ISIC_0030875,nv,5,5,1,False
ISIC_0031689,nv,5,5,1,False
ISIC_0029154,nv,5,5,1,False
ISIC_0031441,nv,5,5,1,False
ISIC_0028175,nv,5,5,1,False
ISIC_0033082,nv,5,4,1,True
ISIC_0034098,nv,5,4,1,True
ISIC_0032784,nv,5,5,1,False
ISIC_0033459,nv,5,5,1,False
ISIC_0032710,nv,5,5,1,False
ISIC_0025645,nv,5,5,1,False
ISIC_0025976,nv,5,5,1,False
ISIC_0025154,df,3,0,1,False
ISIC_0025241,nv,5,5,1,False
ISIC_0027947,nv,5,5,1,False
ISIC_0033943,nv,5,4,1,True
ISIC_0033434,nv,5,5,1,False
ISIC_0031229,nv,5,4,1,True
ISIC_0031195,nv,5,5,1,False
ISIC_0030706,bkl,2,5,1,True
ISIC_0031911,nv,5,5,1,False
ISIC_0030734,nv,5,5,1,False
ISIC_0032530,nv,5,5,1,False
ISIC_0033249,nv,5,5,1,False
ISIC_0025059,nv,5,5,1,False
ISIC_0027921,nv,5,5,1,False
ISIC_0025497,nv,5,5,1,False
ISIC_0026073,nv,5,5,1,False
ISIC_0029226,nv,5,4,1,True
ISIC_0027518,nv,5,5,1,False
ISIC_0025748,mel,4,4,1,False
ISIC_0032484,nv,5,5,1,False
ISIC_0025903,df,3,5,1,False
ISIC_0029330,nv,5,5,1,False
ISIC_0025281,nv,5,5,1,False
ISIC_0029047,nv,5,5,1,False
ISIC_0032327,nv,5,2,1,True
ISIC_0031031,nv,5,2,1,True
ISIC_0025610,nv,5,5,1,False
ISIC_0024615,nv,5,5,1,False
ISIC_0028082,mel,4,4,1,False
ISIC_0026571,mel,4,4,1,False
ISIC_0031587,nv,5,5,1,False
ISIC_0029621,nv,5,5,1,False
ISIC_0028700,nv,5,4,1,True
ISIC_0029421,nv,5,5,1,False
ISIC_0024549,nv,5,5,1,False
ISIC_0024433,nv,5,5,1,False
ISIC_0029456,nv,5,5,1,False
ISIC_0033690,nv,5,5,1,False
ISIC_0024962,mel,4,4,1,False
ISIC_0024823,mel,4,4,1,False
ISIC_0024781,nv,5,5,1,False
ISIC_0031011,nv,5,5,1,False
ISIC_0032344,nv,5,5,1,False
ISIC_0028889,nv,5,5,1,False
ISIC_0025326,bkl,2,1,1,True
ISIC_0026026,nv,5,5,1,False
ISIC_0033084,akiec,0,3,1,False
ISIC_0033550,akiec,0,5,1,False
ISIC_0033536,akiec,0,0,1,False
ISIC_0031344,df,3,0,1,False
ISIC_0028346,df,3,1,1,False
ISIC_0027981,nv,5,5,1,False
ISIC_0031371,nv,5,4,1,True
ISIC_0027290,nv,5,5,1,False
ISIC_0024905,nv,5,5,1,False
ISIC_0029512,mel,4,1,1,True
ISIC_0027872,mel,4,5,1,True
ISIC_0027949,nv,5,5,1,False
ISIC_0029089,mel,4,4,1,False
ISIC_0026071,nv,5,4,1,True
ISIC_0028873,nv,5,2,1,True
ISIC_0025835,mel,4,4,1,False
ISIC_0030828,mel,4,4,1,False
ISIC_0029237,nv,5,5,1,False
ISIC_0033037,mel,4,2,1,True
ISIC_0033773,mel,4,2,1,True
ISIC_0025753,bkl,2,2,1,False
ISIC_0031600,bkl,2,5,1,True
ISIC_0030138,bcc,1,1,1,False
ISIC_0032185,bcc,1,1,1,False
ISIC_0025981,nv,5,5,1,False
ISIC_0030072,nv,5,5,1,False
ISIC_0028902,nv,5,5,1,False
ISIC_0031609,akiec,0,0,1,False
ISIC_0026857,akiec,0,5,1,False
ISIC_0031907,nv,5,5,1,False
ISIC_0029809,nv,5,5,1,False
ISIC_0032921,mel,4,4,1,False
ISIC_0034117,mel,4,1,1,True
ISIC_0033415,mel,4,4,1,False
ISIC_0030589,nv,5,5,1,False
ISIC_0030091,nv,5,5,1,False
ISIC_0032997,bkl,2,5,1,True
ISIC_0033529,bkl,2,2,1,False
ISIC_0025324,mel,4,5,1,True
ISIC_0026996,mel,4,5,1,True
ISIC_0029537,nv,5,2,1,True
ISIC_0028240,nv,5,5,1,False
ISIC_0028140,nv,5,5,1,False
ISIC_0027760,bkl,2,4,1,True
ISIC_0026538,bkl,2,4,1,True
ISIC_0029362,akiec,0,1,1,False
ISIC_0028132,akiec,0,1,1,False
ISIC_0024842,nv,5,5,1,False
ISIC_0028803,nv,5,5,1,False
ISIC_0026578,nv,5,5,1,False
ISIC_0025115,nv,5,5,1,False
ISIC_0025776,nv,5,4,1,True
ISIC_0025908,nv,5,4,1,True
ISIC_0029853,nv,5,5,1,False
ISIC_0034318,bkl,2,2,1,False
ISIC_0032972,bkl,2,5,1,True
ISIC_0025273,nv,5,5,1,False
ISIC_0025463,nv,5,5,1,False
ISIC_0032195,nv,5,5,1,False
ISIC_0027554,nv,5,5,1,False
ISIC_0026005,nv,5,5,1,False
ISIC_0031167,nv,5,5,1,False
ISIC_0027429,nv,5,5,1,False
ISIC_0027364,nv,5,5,1,False
ISIC_0029153,nv,5,5,1,False
ISIC_0027282,mel,4,5,1,True
ISIC_0032317,nv,5,5,1,False
ISIC_0024350,nv,5,5,1,False
ISIC_0032614,vasc,6,6,1,False
ISIC_0033349,vasc,6,6,1,False
ISIC_0032919,vasc,6,6,1,False
ISIC_0032866,vasc,6,6,1,False
ISIC_0027126,mel,4,4,1,False
ISIC_0027067,mel,4,4,1,False
ISIC_0028998,nv,5,5,1,False
ISIC_0031924,nv,5,5,1,False
ISIC_0028963,nv,5,5,1,False
ISIC_0025088,nv,5,5,1,False
ISIC_0031050,bkl,2,4,1,True
ISIC_0026202,nv,5,5,1,False
ISIC_0029782,nv,5,5,1,False
ISIC_0030127,nv,5,5,1,False
ISIC_0029422,nv,5,5,1,False
ISIC_0027727,df,3,3,1,False
ISIC_0027107,df,3,3,1,False
ISIC_0027648,df,3,5,1,False
ISIC_0030204,nv,5,5,1,False
ISIC_0030347,nv,5,5,1,False
ISIC_0026174,bkl,2,2,1,False
ISIC_0027279,bkl,2,2,1,False
ISIC_0029420,bkl,2,2,1,False
ISIC_0030067,bkl,2,5,1,True
ISIC_0028634,nv,5,5,1,False
ISIC_0032330,bkl,2,2,1,False
ISIC_0028096,nv,5,4,1,True
ISIC_0029310,nv,5,5,1,False
ISIC_0029944,nv,5,5,1,False
ISIC_0028446,nv,5,5,1,False
ISIC_0032139,bcc,1,2,1,False
ISIC_0031243,bcc,1,4,1,False
ISIC_0024543,nv,5,4,1,True
ISIC_0025889,nv,5,5,1,False
ISIC_0029838,nv,5,5,1,False
ISIC_0025446,nv,5,2,1,True
ISIC_0024712,nv,5,5,1,False
ISIC_0030348,nv,5,5,1,False
ISIC_0032042,nv,5,5,1,False
ISIC_0030484,nv,5,5,1,False
ISIC_0026325,nv,5,5,1,False
ISIC_0031640,bcc,1,1,1,False
ISIC_0030895,nv,5,5,1,False
ISIC_0028742,nv,5,5,1,False
ISIC_0028325,mel,4,4,1,False
ISIC_0024537,mel,4,4,1,False
ISIC_0029530,nv,5,4,1,True
ISIC_0026809,nv,5,4,1,True
ISIC_0026041,nv,5,2,1,True
ISIC_0030274,nv,5,5,1,False
ISIC_0030658,nv,5,5,1,False
ISIC_0030009,nv,5,5,1,False
ISIC_0029840,akiec,0,0,1,False
ISIC_0031108,akiec,0,0,1,False
ISIC_0024610,nv,5,5,1,False
ISIC_0029747,bcc,1,1,1,False
ISIC_0030778,bcc,1,2,1,False
ISIC_0031361,nv,5,5,1,False
ISIC_0025915,bkl,2,5,1,True
ISIC_0031029,bkl,2,5,1,True
ISIC_0030332,nv,5,5,1,False
ISIC_0031047,nv,5,5,1,False
ISIC_0028192,nv,5,5,1,False
ISIC_0030673,nv,5,4,1,True
ISIC_0026921,nv,5,4,1,True
ISIC_0028004,nv,5,5,1,False
ISIC_0027678,akiec,0,4,1,False
ISIC_0031436,bkl,2,2,1,False
ISIC_0031293,nv,5,5,1,False
ISIC_0026376,nv,5,5,1,False
ISIC_0029414,nv,5,5,1,False
ISIC_0034171,nv,5,5,1,False
ISIC_0033996,nv,5,5,1,False
ISIC_0029143,nv,5,1,1,True
ISIC_0024830,nv,5,5,1,False
ISIC_0026212,akiec,0,0,1,False
ISIC_0028239,nv,5,5,1,False
ISIC_0031836,bcc,1,4,1,False
ISIC_0031610,nv,5,5,1,False
ISIC_0032492,nv,5,5,1,False
ISIC_0027853,nv,5,4,1,True
ISIC_0028545,nv,5,5,1,False
ISIC_0029526,nv,5,5,1,False
ISIC_0024603,nv,5,5,1,False
ISIC_0032193,nv,5,5,1,False
ISIC_0029318,mel,4,4,1,False
ISIC_0032070,mel,4,4,1,False
ISIC_0029889,vasc,6,6,1,False
ISIC_0026604,mel,4,2,1,True
ISIC_0027517,mel,4,5,1,True
ISIC_0031638,nv,5,5,1,False
ISIC_0024489,bkl,2,2,1,False
ISIC_0026276,bkl,2,2,1,False
ISIC_0025348,nv,5,5,1,False
ISIC_0031112,nv,5,5,1,False
ISIC_0029714,nv,5,5,2,False
ISIC_0026525,akiec,0,0,2,False
ISIC_0033388,nv,5,4,2,True
ISIC_0033009,nv,5,5,2,False
ISIC_0032928,nv,5,5,2,False
ISIC_0027217,nv,5,5,2,False
ISIC_0028314,akiec,0,1,2,False
ISIC_0028076,akiec,0,2,2,False
ISIC_0030142,akiec,0,2,2,False
ISIC_0027086,nv,5,5,2,False
ISIC_0025689,nv,5,2,2,True
ISIC_0033197,nv,5,5,2,False
ISIC_0028382,nv,5,5,2,False
ISIC_0024530,nv,5,5,2,False
ISIC_0025357,nv,5,5,2,False
ISIC_0033026,nv,5,5,2,False
ISIC_0033774,nv,5,5,2,False
ISIC_0031403,nv,5,5,2,False
ISIC_0031253,bkl,2,2,2,False
ISIC_0032602,mel,4,4,2,False
ISIC_0032724,mel,4,4,2,False
ISIC_0033129,mel,4,4,2,False
ISIC_0028466,nv,5,5,2,False
ISIC_0030141,nv,5,5,2,False
ISIC_0028904,nv,5,5,2,False
ISIC_0024406,nv,5,5,2,False
ISIC_0029229,nv,5,5,2,False
ISIC_0026716,bcc,1,1,2,False
ISIC_0025971,bcc,1,1,2,False
ISIC_0031226,bkl,2,2,2,False
ISIC_0028038,nv,5,5,2,False
ISIC_0026175,nv,5,5,2,False
ISIC_0028812,nv,5,5,2,False
ISIC_0033764,nv,5,2,2,True
ISIC_0033934,nv,5,5,2,False
ISIC_0032565,nv,5,2,2,True
ISIC_0027384,nv,5,5,2,False
ISIC_0031545,mel,4,4,2,False
ISIC_0024519,nv,5,5,2,False
ISIC_0026676,nv,5,4,2,True
ISIC_0030615,nv,5,2,2,True
ISIC_0030749,nv,5,5,2,False
ISIC_0033062,nv,5,5,2,False
ISIC_0034261,nv,5,5,2,False
ISIC_0029602,bcc,1,1,2,False
ISIC_0033754,mel,4,4,2,False
ISIC_0032938,mel,4,4,2,False
ISIC_0028772,nv,5,5,2,False
ISIC_0026504,nv,5,5,2,False
ISIC_0029523,nv,5,5,2,False
ISIC_0029672,nv,5,5,2,False
ISIC_0027691,nv,5,5,2,False
ISIC_0031559,nv,5,5,2,False
ISIC_0026749,nv,5,5,2,False
ISIC_0029895,nv,5,4,2,True
ISIC_0027854,nv,5,5,2,False
ISIC_0030074,nv,5,5,2,False
ISIC_0026053,nv,5,4,2,True
ISIC_0028599,nv,5,4,2,True
ISIC_0033688,nv,5,5,2,False
ISIC_0033557,nv,5,5,2,False
ISIC_0026960,nv,5,5,2,False
ISIC_0030845,nv,5,4,2,True
ISIC_0033813,mel,4,4,2,False
ISIC_0029445,nv,5,5,2,False
ISIC_0033947,mel,4,2,2,True
ISIC_0033881,mel,4,2,2,True
ISIC_0028034,nv,5,5,2,False
ISIC_0033606,bkl,2,2,2,False
ISIC_0034103,bkl,2,5,2,True
ISIC_0032883,bkl,2,2,2,False
ISIC_0031652,nv,5,5,2,False
ISIC_0031310,mel,4,2,2,True
ISIC_0030970,mel,4,2,2,True
ISIC_0032285,nv,5,5,2,False
ISIC_0024460,nv,5,5,2,False
ISIC_0031747,nv,5,5,2,False
ISIC_0025374,bkl,2,2,2,False
ISIC_0028507,nv,5,5,2,False
ISIC_0029773,nv,5,5,2,False
ISIC_0027586,nv,5,5,2,False
ISIC_0028863,nv,5,5,2,False
ISIC_0030126,nv,5,5,2,False
ISIC_0028308,bkl,2,1,2,True
ISIC_0030817,nv,5,4,2,True
ISIC_0029470,nv,5,5,2,False
ISIC_0025602,nv,5,5,2,False
ISIC_0026403,nv,5,4,2,True
ISIC_0029491,nv,5,4,2,True
ISIC_0031620,bkl,2,5,2,True
ISIC_0024378,nv,5,6,2,True
ISIC_0030767,bcc,1,1,2,False
ISIC_0032061,bcc,1,1,2,False
ISIC_0032568,nv,5,5,2,False
ISIC_0033126,nv,5,5,2,False
ISIC_0034099,nv,5,5,2,False
ISIC_0030846,nv,5,5,2,False
ISIC_0025841,nv,5,5,2,False
ISIC_0025380,nv,5,5,2,False
ISIC_0028144,nv,5,5,2,False
ISIC_0030795,mel,4,4,2,False
ISIC_0027507,mel,4,5,2,True
ISIC_0031902,nv,5,5,2,False
ISIC_0026121,nv,5,5,2,False
ISIC_0025180,bkl,2,2,2,False
ISIC_0026107,bkl,2,5,2,True
ISIC_0026042,bkl,2,2,2,False
ISIC_0025060,nv,5,5,2,False
ISIC_0026066,nv,5,5,2,False
ISIC_0032665,bkl,2,2,2,False
ISIC_0033130,bkl,2,2,2,False
ISIC_0028167,nv,5,4,2,True
ISIC_0032574,nv,5,5,2,False
ISIC_0033398,nv,5,2,2,True
ISIC_0033244,nv,5,5,2,False
ISIC_0028461,nv,5,5,2,False
ISIC_0031474,nv,5,5,2,False
ISIC_0027705,nv,5,5,2,False
ISIC_0033257,bcc,1,1,2,False
ISIC_0034276,bcc,1,5,2,False
ISIC_0034119,bcc,1,1,2,False
ISIC_0033776,bkl,2,2,2,False
ISIC_0033056,bkl,2,2,2,False
ISIC_0029010,bkl,2,2,2,False
ISIC_0028591,nv,5,5,2,False
ISIC_0024524,nv,5,5,2,False
ISIC_0032663,nv,5,5,2,False
ISIC_0026867,bkl,2,2,2,False
ISIC_0025561,nv,5,5,2,False
ISIC_0027713,bkl,2,2,2,False
ISIC_0029789,bkl,2,2,2,False
ISIC_0030107,mel,4,5,2,True
ISIC_0028224,akiec,0,0,2,False
ISIC_0024996,nv,5,5,2,False
ISIC_0025665,nv,5,2,2,True
ISIC_0030597,nv,5,2,2,True
ISIC_0026692,nv,5,2,2,True
ISIC_0027264,nv,5,5,2,False
ISIC_0028413,nv,5,5,2,False
ISIC_0027208,nv,5,5,2,False
ISIC_0032368,nv,5,4,2,True
ISIC_0029504,nv,5,5,2,False
ISIC_0032562,nv,5,5,2,False
ISIC_0028428,nv,5,5,2,False
ISIC_0030219,nv,5,5,2,False
ISIC_0030730,akiec,0,2,2,False
ISIC_0029141,akiec,0,2,2,False
ISIC_0033380,nv,5,5,2,False
ISIC_0030326,nv,5,5,2,False
ISIC_0027848,nv,5,5,2,False
ISIC_0028971,nv,5,5,2,False
ISIC_0024459,mel,4,2,2,True
ISIC_0029388,nv,5,5,2,False
ISIC_0024633,nv,5,5,2,False
ISIC_0026115,mel,4,4,2,False
ISIC_0026281,mel,4,5,2,True
ISIC_0030123,bkl,2,2,2,False
ISIC_0031945,bkl,2,4,2,True
ISIC_0031928,nv,5,5,2,False
ISIC_0024312,bkl,2,5,2,True
ISIC_0028628,bkl,2,2,2,False
ISIC_0026980,nv,5,5,2,False
ISIC_0024693,nv,5,5,2,False
ISIC_0030558,nv,5,5,2,False
ISIC_0029436,nv,5,5,2,False
ISIC_0030228,nv,5,5,2,False
ISIC_0032567,bkl,2,2,2,False
ISIC_0033088,bkl,2,2,2,False
ISIC_0032756,bkl,2,2,2,False
ISIC_0028718,mel,4,5,2,True
ISIC_0030747,mel,4,5,2,True
ISIC_0031417,mel,4,5,2,True
ISIC_0031964,nv,5,5,2,False
ISIC_0032737,nv,5,2,2,True
ISIC_0030687,bcc,1,2,2,False
ISIC_0025584,bcc,1,5,2,False
ISIC_0027982,bkl,2,4,2,True
ISIC_0030318,bkl,2,2,2,False
ISIC_0026737,bkl,2,2,2,False
ISIC_0028544,nv,5,5,2,False
ISIC_0033878,mel,4,4,2,False
ISIC_0025277,mel,4,2,2,True
ISIC_0030851,nv,5,5,2,False
ISIC_0030467,nv,5,5,2,False
ISIC_0026234,nv,5,5,2,False
ISIC_0024645,nv,5,5,2,False
ISIC_0029433,nv,5,5,2,False
ISIC_0029654,nv,5,2,2,True
ISIC_0026768,nv,5,5,2,False
ISIC_0033363,nv,5,5,2,False
ISIC_0033058,nv,5,5,2,False
ISIC_0032924,nv,5,4,2,True
ISIC_0030358,nv,5,0,2,True
ISIC_0028632,nv,5,2,2,True
ISIC_0028871,bcc,1,0,2,False
ISIC_0027844,nv,5,5,2,False
ISIC_0030221,nv,5,2,2,True
ISIC_0030617,nv,5,5,2,False
ISIC_0026131,mel,4,4,2,False
ISIC_0025663,mel,4,2,2,True
ISIC_0030556,nv,5,5,2,False
ISIC_0029145,nv,5,1,2,True
ISIC_0029441,nv,5,1,2,True
ISIC_0031760,nv,5,5,2,False
ISIC_0033045,nv,5,2,2,True
ISIC_0029486,vasc,6,1,2,False
ISIC_0031901,vasc,6,1,2,False
ISIC_0029794,nv,5,5,2,False
ISIC_0028996,nv,5,5,2,False
ISIC_0025169,nv,5,5,2,False
ISIC_0028091,nv,5,5,2,False
ISIC_0028023,nv,5,5,2,False
ISIC_0029797,nv,5,5,2,False
ISIC_0032104,nv,5,5,2,False
ISIC_0029868,nv,5,5,2,False
ISIC_0030447,nv,5,5,2,False
ISIC_0026179,nv,5,5,2,False
ISIC_0029775,nv,5,5,2,False
ISIC_0031283,nv,5,5,2,False
ISIC_0024685,nv,5,5,2,False
ISIC_0026457,akiec,0,0,2,False
ISIC_0025216,nv,5,5,2,False
ISIC_0025678,nv,5,5,2,False
ISIC_0033181,nv,5,6,2,True
ISIC_0033661,nv,5,6,2,True
ISIC_0034004,nv,5,6,2,True
ISIC_0025460,nv,5,5,2,False
ISIC_0032543,nv,5,2,2,True
ISIC_0030335,bcc,1,1,2,False
ISIC_0025793,bcc,1,1,2,False
ISIC_0030505,nv,5,5,2,False
ISIC_0030925,mel,4,4,2,False
ISIC_0030604,mel,4,4,2,False
ISIC_0024958,mel,4,4,2,False
ISIC_0029513,mel,4,2,2,True
ISIC_0024853,mel,4,2,2,True
ISIC_0027081,nv,5,5,2,False
ISIC_0026512,nv,5,4,2,True
ISIC_0031110,nv,5,5,2,False
ISIC_0030707,akiec,0,0,2,False
ISIC_0030660,nv,5,5,2,False
ISIC_0032335,bkl,2,2,2,False
ISIC_0032384,bcc,1,1,2,False
ISIC_0027146,bcc,1,1,2,False
ISIC_0024616,nv,5,5,2,False
ISIC_0034123,bcc,1,1,2,False
ISIC_0034026,bcc,1,1,2,False
ISIC_0030692,nv,5,5,2,False
ISIC_0027818,nv,5,5,2,False
ISIC_0024369,nv,5,5,2,False
ISIC_0026072,bkl,2,2,2,False
ISIC_0025939,bkl,2,2,2,False
ISIC_0028855,nv,5,5,2,False
ISIC_0027227,nv,5,5,2,False
ISIC_0028045,nv,5,5,2,False
ISIC_0025799,bkl,2,2,2,False
ISIC_0029627,bkl,2,2,2,False
ISIC_0026531,mel,4,4,2,False
ISIC_0032396,mel,4,4,2,False
ISIC_0032869,mel,4,4,2,False
ISIC_0033524,mel,4,0,2,True
ISIC_0026848,akiec,0,2,2,False
ISIC_0029036,bkl,2,2,2,False
ISIC_0026201,nv,5,5,2,False
ISIC_0029173,nv,5,5,2,False
ISIC_0025364,nv,5,5,2,False
ISIC_0028715,nv,5,5,2,False
ISIC_0026761,nv,5,2,2,True
ISIC_0032322,nv,5,5,2,False
ISIC_0027084,akiec,0,2,2,False
ISIC_0030737,bcc,1,0,2,False
ISIC_0029165,nv,5,5,2,False
ISIC_0026423,nv,5,2,2,True
ISIC_0029670,nv,5,5,2,False
ISIC_0027474,nv,5,5,2,False
ISIC_0031509,nv,5,5,2,False
ISIC_0030918,nv,5,5,2,False
ISIC_0030590,nv,5,5,2,False
ISIC_0026626,akiec,0,0,2,False
ISIC_0026587,nv,5,5,2,False
ISIC_0032511,mel,4,4,2,False
ISIC_0029067,akiec,0,0,2,False
ISIC_0024651,nv,5,5,2,False
ISIC_0025763,nv,5,5,2,False
ISIC_0033952,bkl,2,4,2,True
ISIC_0026319,akiec,0,0,2,False
ISIC_0025319,akiec,0,0,2,False
ISIC_0032111,bkl,2,2,2,False
ISIC_0031132,bkl,2,5,2,True
ISIC_0029177,df,3,3,2,False
ISIC_0027792,nv,5,5,2,False
ISIC_0032478,nv,5,4,2,True
ISIC_0032765,nv,5,4,2,True
ISIC_0029396,bkl,2,5,2,True
ISIC_0025984,bkl,2,5,2,True
ISIC_0025495,nv,5,5,2,False
ISIC_0026405,nv,5,5,2,False
ISIC_0026876,vasc,6,6,2,False
ISIC_0030606,vasc,6,6,2,False
ISIC_0028697,nv,5,5,2,False
ISIC_0032613,df,3,3,2,False
ISIC_0033256,df,3,3,2,False
ISIC_0028435,nv,5,5,2,False
ISIC_0030559,nv,5,5,2,False
ISIC_0025842,bkl,2,2,2,False
ISIC_0032505,nv,5,5,2,False
ISIC_0029214,nv,5,5,2,False
ISIC_0027112,nv,5,5,2,False
ISIC_0026793,nv,5,5,2,False
ISIC_0028669,nv,5,5,2,False
ISIC_0030613,nv,5,5,2,False
ISIC_0027297,bcc,1,0,2,False
ISIC_0032814,nv,5,5,2,False
ISIC_0032872,mel,4,5,2,True
ISIC_0033178,mel,4,5,2,True
ISIC_0030532,nv,5,4,2,True
ISIC_0032739,nv,5,5,2,False
ISIC_0032874,nv,5,4,2,True
ISIC_0028059,bcc,1,1,2,False
ISIC_0029660,mel,4,4,2,False
ISIC_0024496,mel,4,4,2,False
ISIC_0031672,akiec,0,0,2,False
ISIC_0030986,akiec,0,0,2,False
ISIC_0031431,akiec,0,0,2,False
ISIC_0030516,nv,5,5,2,False
ISIC_0027686,nv,5,5,2,False
ISIC_0026254,df,3,2,2,False
ISIC_0027274,nv,5,5,2,False
ISIC_0030403,bcc,1,1,2,False
ISIC_0024595,bcc,1,2,2,False
ISIC_0027349,nv,5,5,2,False
ISIC_0028184,nv,5,5,2,False
ISIC_0028039,nv,5,5,2,False
ISIC_0024721,nv,5,5,2,False
ISIC_0033341,nv,5,4,2,True
ISIC_0026127,nv,5,5,2,False
ISIC_0031244,nv,5,5,2,False
ISIC_0033372,bcc,1,1,2,False
ISIC_0034066,bcc,1,1,2,False
ISIC_0030867,nv,5,5,2,False
ISIC_0030909,nv,5,5,2,False
ISIC_0031323,nv,5,5,2,False
ISIC_0027288,nv,5,5,2,False
ISIC_0033670,mel,4,4,2,False
ISIC_0029740,mel,4,4,2,False
ISIC_0033593,mel,4,4,2,False
ISIC_0030567,nv,5,5,2,False
ISIC_0025729,nv,5,2,2,True
ISIC_0031084,nv,5,5,2,False
ISIC_0026529,nv,5,5,2,False
ISIC_0024816,nv,5,5,2,False
ISIC_0025946,nv,5,2,2,True
ISIC_0027993,nv,5,5,2,False
ISIC_0033553,bkl,2,2,2,False
ISIC_0033401,bkl,2,2,2,False
ISIC_0024306,nv,5,5,2,False
ISIC_0024965,nv,5,5,2,False
ISIC_0032308,mel,4,4,2,False
ISIC_0024475,vasc,6,6,2,False
ISIC_0026667,nv,5,5,2,False
ISIC_0033483,bcc,1,4,2,False
ISIC_0032536,bcc,1,4,2,False
ISIC_0030915,bcc,1,0,2,False
ISIC_0025164,nv,5,5,2,False
ISIC_0026799,nv,5,5,2,False
ISIC_0028854,akiec,0,0,2,False
ISIC_0030578,nv,5,5,2,False
ISIC_0032773,bkl,2,2,2,False
ISIC_0033156,bkl,2,4,2,True
ISIC_0033031,vasc,6,6,2,False
ISIC_0032775,vasc,6,4,2,False
ISIC_0033458,vasc,6,6,2,False
ISIC_0030306,nv,5,5,2,False
ISIC_0025192,nv,5,5,2,False
ISIC_0028691,nv,5,5,2,False
ISIC_0033072,nv,5,5,2,False
ISIC_0024874,nv,5,5,2,False
ISIC_0026979,nv,5,5,2,False
ISIC_0033089,mel,4,4,2,False
ISIC_0033562,mel,4,4,2,False
ISIC_0028973,bcc,1,1,2,False
ISIC_0029082,bcc,1,1,2,False
ISIC_0026332,nv,5,5,2,False
ISIC_0027019,nv,5,5,2,False
ISIC_0031002,df,3,3,2,False
ISIC_0025668,df,3,3,2,False
ISIC_0029793,bkl,2,5,2,True
ISIC_0025964,mel,4,6,2,True
ISIC_0030623,mel,4,4,2,False
ISIC_0026506,mel,4,6,2,True
ISIC_0026505,nv,5,5,2,False
ISIC_0028672,nv,5,5,2,False
ISIC_0026845,bcc,1,1,2,False
ISIC_0029074,nv,5,5,2,False
ISIC_0029106,nv,5,5,2,False
ISIC_0028537,mel,4,5,2,True
ISIC_0029885,mel,4,1,2,True
ISIC_0033782,nv,5,5,2,False
ISIC_0032388,nv,5,5,2,False
ISIC_0031973,nv,5,4,2,True
ISIC_0024374,nv,5,5,2,False
ISIC_0034079,nv,5,5,2,False
ISIC_0033327,nv,5,5,2,False
ISIC_0032871,nv,5,5,2,False
ISIC_0029626,nv,5,5,2,False
ISIC_0024473,nv,5,5,2,False
ISIC_0034058,bcc,1,1,2,False
ISIC_0033001,bcc,1,1,2,False
ISIC_0034088,nv,5,5,2,False
ISIC_0034268,nv,5,4,2,True
ISIC_0032908,nv,5,2,2,True
ISIC_0030993,nv,5,5,2,False
ISIC_0029765,nv,5,5,2,False
ISIC_0028874,nv,5,5,2,False
ISIC_0028592,nv,5,4,2,True
ISIC_0030143,akiec,0,0,2,False
ISIC_0030319,bkl,2,4,2,True
ISIC_0026974,nv,5,5,2,False
ISIC_0026795,nv,5,5,2,False
ISIC_0033343,nv,5,5,2,False
ISIC_0033502,nv,5,5,2,False
ISIC_0029671,nv,5,5,2,False
ISIC_0028649,nv,5,5,2,False
ISIC_0028823,nv,5,5,2,False
ISIC_0031501,nv,5,5,2,False
ISIC_0033744,bkl,2,2,2,False
ISIC_0033659,bkl,2,2,2,False
ISIC_0033942,mel,4,2,2,True
ISIC_0033473,mel,4,1,2,True
ISIC_0026942,nv,5,2,2,True
ISIC_0030410,nv,5,2,2,True
ISIC_0028956,nv,5,5,2,False
ISIC_0028172,nv,5,5,2,False
ISIC_0028770,nv,5,5,2,False
ISIC_0028007,nv,5,5,2,False
ISIC_0032287,mel,4,5,2,True
ISIC_0025791,mel,4,5,2,True
ISIC_0033701,bkl,2,2,2,False
ISIC_0033884,bkl,2,2,2,False
ISIC_0032455,akiec,0,0,2,False
ISIC_0026940,bcc,1,1,2,False
ISIC_0032429,bcc,1,2,2,False
ISIC_0029951,bcc,1,1,2,False
ISIC_0024405,nv,5,5,2,False
ISIC_0027367,bkl,2,4,2,True
ISIC_0027260,mel,4,5,2,True
ISIC_0027604,mel,4,5,2,True
ISIC_0029434,mel,4,4,2,False
ISIC_0029834,nv,5,5,2,False
ISIC_0024508,nv,5,5,2,False
ISIC_0024790,nv,5,5,2,False
ISIC_0031860,nv,5,5,2,False
ISIC_0026375,nv,5,5,2,False
ISIC_0027890,nv,5,5,2,False
ISIC_0031103,vasc,6,6,2,False
ISIC_0025432,nv,5,5,2,False
ISIC_0029293,nv,5,5,2,False
ISIC_0030789,bkl,2,2,2,False
ISIC_0032946,nv,5,5,2,False
ISIC_0033153,nv,5,5,2,False
ISIC_0033579,bcc,1,1,2,False
ISIC_0034095,bcc,1,1,2,False
ISIC_0034143,bcc,1,1,2,False
ISIC_0024890,bkl,2,2,2,False
ISIC_0025919,nv,5,5,2,False
ISIC_0024439,nv,5,5,2,False
ISIC_0025492,nv,5,0,2,True
ISIC_0030481,nv,5,5,2,False
ISIC_0025630,bcc,1,5,2,False
ISIC_0030433,nv,5,5,2,False
ISIC_0028470,nv,5,5,2,False
ISIC_0033294,nv,5,4,2,True
ISIC_0033030,nv,5,5,2,False
ISIC_0032657,nv,5,4,2,True
ISIC_0025000,nv,5,5,2,False
ISIC_0033492,nv,5,5,2,False
ISIC_0032548,nv,5,4,2,True
ISIC_0033106,nv,5,4,2,True
ISIC_0030181,bcc,1,2,2,False
ISIC_0027038,bcc,1,0,2,False
ISIC_0032030,bcc,1,1,2,False
ISIC_0031799,df,3,3,2,False
ISIC_0032099,bkl,2,2,2,False
ISIC_0031927,akiec,0,2,2,False
ISIC_0028799,nv,5,5,2,False
ISIC_0031425,nv,5,5,2,False
ISIC_0030634,nv,5,5,2,False
ISIC_0029675,nv,5,5,2,False
ISIC_0026829,bcc,1,2,2,False
ISIC_0025669,nv,5,5,2,False
ISIC_0025149,nv,5,5,2,False
ISIC_0025938,nv,5,5,2,False
ISIC_0026282,bcc,1,1,2,False
ISIC_0027744,bcc,1,1,2,False
ISIC_0031043,akiec,0,1,2,False
ISIC_0026112,nv,5,5,2,False
ISIC_0024398,nv,5,5,2,False
ISIC_0031660,nv,5,5,2,False
ISIC_0031616,nv,5,5,2,False
ISIC_0029426,nv,5,5,2,False
ISIC_0026176,nv,5,5,2,False
ISIC_0028976,nv,5,5,2,False
ISIC_0027926,nv,5,5,2,False
ISIC_0029598,akiec,0,1,2,False
ISIC_0029002,akiec,0,1,2,False
ISIC_0032591,nv,5,4,2,True
ISIC_0026322,nv,5,5,2,False
ISIC_0027438,nv,5,5,2,False
ISIC_0025181,nv,5,5,2,False
ISIC_0026889,nv,5,5,2,False
ISIC_0030963,nv,5,5,2,False
ISIC_0030862,nv,5,5,2,False
ISIC_0031936,nv,5,5,2,False
ISIC_0032006,bkl,2,2,2,False
ISIC_0028920,bkl,2,2,2,False
ISIC_0031054,nv,5,5,2,False
ISIC_0031492,nv,5,5,2,False
ISIC_0026937,nv,5,5,2,False
ISIC_0030381,nv,5,5,2,False
ISIC_0024604,nv,5,1,2,True
ISIC_0027358,nv,5,1,2,True
ISIC_0030247,nv,5,2,2,True
ISIC_0024613,nv,5,5,2,False
ISIC_0030824,mel,4,4,2,False
ISIC_0027899,nv,5,5,2,False
ISIC_0026738,mel,4,2,2,True
ISIC_0025132,mel,4,4,2,False
ISIC_0026964,nv,5,5,2,False
ISIC_0030167,nv,5,5,2,False
ISIC_0028015,nv,5,5,2,False
ISIC_0026781,nv,5,5,2,False
ISIC_0025395,nv,5,5,2,False
ISIC_0033066,nv,5,5,2,False
ISIC_0033214,nv,5,5,2,False
ISIC_0033255,nv,5,5,2,False
ISIC_0033229,nv,5,5,2,False
ISIC_0026392,nv,5,5,2,False
ISIC_0025708,mel,4,2,2,True
ISIC_0033400,bkl,2,2,2,False
ISIC_0033677,bkl,2,2,2,False
ISIC_0033262,bkl,2,5,2,True
ISIC_0024567,nv,5,5,2,False
ISIC_0026203,akiec,0,5,2,False
ISIC_0030325,nv,5,5,2,False
ISIC_0029031,bkl,2,2,2,False
ISIC_0026661,bkl,2,2,2,False
ISIC_0032186,nv,5,4,2,True
ISIC_0031913,nv,5,2,2,True
ISIC_0027762,nv,5,5,2,False
ISIC_0028549,nv,5,5,2,False
ISIC_0033140,nv,5,5,2,False
ISIC_0031069,nv,5,5,2,False
ISIC_0029961,nv,5,5,2,False
ISIC_0031299,nv,5,5,2,False
ISIC_0028438,nv,5,5,2,False
ISIC_0030632,nv,5,5,2,False
ISIC_0032752,nv,5,2,2,True
ISIC_0033794,nv,5,2,2,True
ISIC_0026156,bcc,1,2,2,False
ISIC_0028297,nv,5,4,2,True
ISIC_0030541,nv,5,5,2,False
ISIC_0031904,nv,5,2,2,True
ISIC_0026946,nv,5,5,2,False
ISIC_0029517,nv,5,5,2,False
ISIC_0029180,nv,5,5,2,False
ISIC_0033284,bkl,2,2,2,False
ISIC_0033908,bkl,2,2,2,False
ISIC_0028312,nv,5,5,2,False
ISIC_0032216,nv,5,5,2,False
ISIC_0031870,nv,5,5,2,False
ISIC_0027937,vasc,6,6,2,False
ISIC_0028574,nv,5,5,2,False
ISIC_0024389,nv,5,5,2,False
ISIC_0030887,nv,5,5,2,False
ISIC_0027522,vasc,6,6,2,False
ISIC_0029209,mel,4,4,2,False
ISIC_0030990,nv,5,5,2,False
ISIC_0030251,nv,5,5,2,False
ISIC_0031834,nv,5,5,2,False
ISIC_0026856,nv,5,5,2,False
ISIC_0032299,nv,5,5,2,False
ISIC_0027534,nv,5,5,2,False
ISIC_0033873,nv,5,5,2,False
ISIC_0026785,nv,5,5,2,False
ISIC_0025825,akiec,0,0,2,False
ISIC_0025579,nv,5,5,2,False
ISIC_0032991,bcc,1,0,2,False
ISIC_0032101,nv,5,5,2,False
ISIC_0031533,nv,5,5,2,False
ISIC_0030001,nv,5,5,2,False
ISIC_0029712,nv,5,5,2,False
ISIC_0029730,nv,5,5,2,False
ISIC_0026364,nv,5,5,2,False
ISIC_0025674,mel,4,1,2,True
ISIC_0031369,mel,4,2,2,True
ISIC_0027898,nv,5,5,2,False
ISIC_0026726,nv,5,2,2,True
ISIC_0026283,nv,5,5,2,False
ISIC_0028476,nv,5,4,2,True
ISIC_0030061,nv,5,5,2,False
ISIC_0030960,nv,5,5,2,False
ISIC_0030311,nv,5,5,2,False
ISIC_0025505,nv,5,5,2,False
ISIC_0030753,nv,5,5,2,False
ISIC_0028861,nv,5,5,2,False
ISIC_0030025,nv,5,5,2,False
ISIC_0027808,nv,5,5,2,False
ISIC_0027807,nv,5,5,2,False
ISIC_0029135,bkl,2,2,2,False
ISIC_0029947,bkl,2,2,2,False
ISIC_0027741,nv,5,5,2,False
ISIC_0029828,nv,5,5,2,False
ISIC_0027619,nv,5,5,2,False
ISIC_0030412,nv,5,5,2,False
ISIC_0029663,nv,5,5,2,False
ISIC_0024570,nv,5,5,2,False
ISIC_0028183,nv,5,5,2,False
ISIC_0026108,nv,5,5,2,False
ISIC_0025875,nv,5,5,2,False
ISIC_0031422,nv,5,2,2,True
ISIC_0033850,nv,5,5,2,False
ISIC_0032671,nv,5,4,2,True
ISIC_0032566,nv,5,4,2,True
ISIC_0030043,nv,5,5,2,False
ISIC_0024362,nv,5,5,2,False
ISIC_0026875,nv,5,5,2,False
ISIC_0027394,bkl,2,5,2,True
ISIC_0029032,bkl,2,2,2,False
ISIC_0032323,nv,5,5,2,False
ISIC_0026362,akiec,0,2,2,False
ISIC_0025420,nv,5,5,2,False
ISIC_0026117,bcc,1,1,2,False
ISIC_0028111,nv,5,2,2,True
ISIC_0027316,nv,5,5,2,False
ISIC_0030042,nv,5,5,2,False
ISIC_0025975,bcc,1,1,2,False
ISIC_0024607,nv,5,5,2,False
ISIC_0029395,nv,5,5,2,False
ISIC_0025488,nv,5,5,2,False
ISIC_0027999,nv,5,5,2,False
ISIC_0027778,nv,5,5,2,False
ISIC_0030992,nv,5,5,2,False
ISIC_0029239,nv,5,5,2,False
ISIC_0029347,nv,5,5,2,False
ISIC_0025843,nv,5,5,2,False
ISIC_0027605,nv,5,5,2,False
ISIC_0026054,nv,5,5,2,False
ISIC_0031687,nv,5,5,2,False
ISIC_0030830,df,3,5,2,False
ISIC_0027205,nv,5,5,2,False
ISIC_0034197,bkl,2,2,2,False
ISIC_0034057,bkl,2,2,2,False
ISIC_0030719,nv,5,5,2,False
ISIC_0026832,nv,5,5,2,False
ISIC_0029918,nv,5,5,2,False
ISIC_0033332,nv,5,5,2,False
ISIC_0031996,vasc,6,6,2,False
ISIC_0032890,vasc,6,6,2,False
ISIC_0033844,vasc,6,6,2,False
ISIC_0030305,nv,5,5,2,False
ISIC_0027322,nv,5,5,2,False
ISIC_0026945,nv,5,5,2,False
ISIC_0028044,nv,5,5,2,False
ISIC_0028351,nv,5,5,2,False
ISIC_0028020,bkl,2,2,2,False
ISIC_0030130,bkl,2,2,2,False
ISIC_0032318,bcc,1,4,2,False
ISIC_0025905,nv,5,5,2,False
ISIC_0030184,nv,5,5,2,False
ISIC_0033705,akiec,0,0,2,False
ISIC_0026533,nv,5,5,2,False
ISIC_0024746,nv,5,5,2,False
ISIC_0026475,mel,4,5,2,True
ISIC_0025717,nv,5,5,2,False
ISIC_0029658,nv,5,5,2,False
ISIC_0032135,akiec,0,2,2,False
ISIC_0027870,nv,5,3,2,True
ISIC_0027064,bkl,2,1,2,True
ISIC_0024748,bkl,2,5,2,True
ISIC_0029932,akiec,0,0,2,False
ISIC_0024575,akiec,0,4,2,False
ISIC_0029709,nv,5,5,2,False
ISIC_0027168,nv,5,5,2,False
ISIC_0026756,nv,5,5,2,False
ISIC_0027749,nv,5,5,2,False
ISIC_0024425,nv,5,2,2,True
ISIC_0025316,mel,4,5,2,True
ISIC_0024871,bkl,2,2,2,False
ISIC_0028830,bkl,2,2,2,False
ISIC_0028223,bkl,2,5,2,True
ISIC_0031354,nv,5,5,2,False
ISIC_0025044,nv,5,5,2,False
ISIC_0029720,nv,5,5,2,False
ISIC_0032150,nv,5,5,2,False
ISIC_0030618,nv,5,5,2,False
ISIC_0025048,nv,5,5,2,False
ISIC_0032340,nv,5,5,2,False
ISIC_0024620,nv,5,5,2,False
ISIC_0030163,nv,5,5,2,False
ISIC_0033344,mel,4,4,2,False
ISIC_0032988,mel,4,4,2,False
ISIC_0031574,nv,5,5,2,False
ISIC_0029734,nv,5,5,2,False
ISIC_0027370,bkl,2,2,2,False
ISIC_0024783,nv,5,5,2,False
ISIC_0027920,bcc,1,1,2,False
ISIC_0024411,bcc,1,1,2,False
ISIC_0034104,mel,4,4,2,False
ISIC_0032547,mel,4,4,2,False
ISIC_0033644,mel,4,5,2,True
ISIC_0025844,nv,5,5,2,False
ISIC_0025612,vasc,6,6,2,False
ISIC_0025017,nv,5,5,2,False
ISIC_0029142,nv,5,5,2,False
ISIC_0028743,nv,5,5,2,False
ISIC_0031288,nv,5,5,2,False
ISIC_0032140,nv,5,5,2,False
ISIC_0031981,nv,5,2,2,True
ISIC_0031753,bkl,2,2,2,False
ISIC_0026835,bkl,2,2,2,False
ISIC_0025366,bkl,2,5,2,True
ISIC_0029931,bkl,2,2,2,False
ISIC_0030865,nv,5,5,2,False
ISIC_0033743,nv,5,5,2,False
ISIC_0024699,nv,5,5,2,False
ISIC_0029339,nv,5,5,2,False
ISIC_0025693,bkl,2,2,2,False
ISIC_0030164,nv,5,5,2,False
ISIC_0025773,nv,5,5,2,False
ISIC_0028391,nv,5,5,2,False
ISIC_0026859,nv,5,5,2,False
ISIC_0032134,mel,4,4,2,False
ISIC_0028114,mel,4,4,2,False
ISIC_0027673,mel,4,4,2,False
ISIC_0031122,bcc,1,1,2,False
ISIC_0024884,nv,5,5,2,False
ISIC_0026873,nv,5,5,2,False
ISIC_0032350,nv,5,5,2,False
ISIC_0025161,nv,5,5,2,False
ISIC_0025118,nv,5,5,2,False
ISIC_0028771,nv,5,5,2,False
ISIC_0027623,nv,5,5,2,False
ISIC_0026508,nv,5,5,2,False
ISIC_0027589,nv,5,5,2,False
ISIC_0026303,nv,5,5,2,False
ISIC_0030125,nv,5,5,2,False
ISIC_0031114,nv,5,5,2,False
ISIC_0025483,nv,5,5,2,False
ISIC_0027903,vasc,6,1,2,False
ISIC_0027968,nv,5,5,2,False
ISIC_0026418,nv,5,5,2,False
ISIC_0027750,nv,5,5,2,False
ISIC_0032181,nv,5,4,2,True
ISIC_0027211,nv,5,5,2,False
ISIC_0030900,nv,5,5,2,False
ISIC_0024979,nv,5,5,2,False
ISIC_0027080,nv,5,5,2,False
ISIC_0031632,nv,5,5,2,False
ISIC_0028274,nv,5,5,2,False
ISIC_0026296,mel,4,5,2,True
ISIC_0025018,mel,4,5,2,True
ISIC_0026170,nv,5,5,2,False
ISIC_0030829,nv,5,2,2,True
ISIC_0025367,nv,5,5,2,False
ISIC_0024722,nv,5,5,2,False
ISIC_0028946,nv,5,5,2,False
ISIC_0027823,nv,5,5,2,False
ISIC_0030626,nv,5,5,2,False
ISIC_0031163,nv,5,5,2,False
ISIC_0027738,nv,5,5,2,False
ISIC_0031518,nv,5,5,2,False
ISIC_0032589,nv,5,5,2,False
ISIC_0032041,nv,5,5,2,False
ISIC_0026052,nv,5,5,2,False
ISIC_0031504,nv,5,5,2,False
ISIC_0032730,mel,4,4,2,False
ISIC_0032709,mel,4,4,2,False
ISIC_0033206,mel,4,4,2,False
ISIC_0033823,nv,5,5,2,False
ISIC_0032954,nv,5,5,2,False
ISIC_0033371,nv,5,5,2,False
ISIC_0028867,nv,5,5,2,False
ISIC_0031765,nv,5,5,2,False
ISIC_0032262,nv,5,5,2,False
ISIC_0032207,mel,4,5,2,True
ISIC_0029706,nv,5,5,2,False
ISIC_0031313,nv,5,2,2,True
ISIC_0028667,nv,5,5,2,False
ISIC_0024403,bcc,1,4,2,False
ISIC_0028573,nv,5,2,2,True
ISIC_0032274,nv,5,5,2,False
ISIC_0029972,nv,5,5,2,False
ISIC_0031230,nv,5,5,2,False
ISIC_0033457,nv,5,2,2,True
ISIC_0031285,nv,5,5,2,False
ISIC_0027652,bkl,2,0,2,True
ISIC_0025134,nv,5,5,2,False
ISIC_0027974,nv,5,5,2,False
ISIC_0028196,nv,5,5,2,False
ISIC_0027058,bcc,1,1,2,False
ISIC_0030114,bcc,1,1,2,False
ISIC_0030041,nv,5,2,2,True
ISIC_0030916,nv,5,5,2,False
ISIC_0028968,mel,4,2,2,True
ISIC_0024739,mel,4,2,2,True
ISIC_0031355,nv,5,5,2,False
ISIC_0027245,nv,5,5,2,False
ISIC_0029680,bcc,1,1,2,False
ISIC_0034270,nv,5,5,2,False
ISIC_0030633,nv,5,5,2,False
ISIC_0030053,nv,5,2,2,True
ISIC_0026743,nv,5,5,2,False
ISIC_0025315,nv,5,1,2,True
ISIC_0025303,mel,4,5,2,True
ISIC_0030129,mel,4,4,2,False
ISIC_0026989,mel,4,5,2,True
ISIC_0029077,nv,5,5,2,False
ISIC_0028832,nv,5,5,2,False
ISIC_0026197,nv,5,5,2,False
ISIC_0029307,nv,5,5,2,False
ISIC_0029317,nv,5,5,2,False
ISIC_0026000,nv,5,5,2,False
ISIC_0024769,nv,5,5,2,False
ISIC_0033897,nv,5,5,2,False
ISIC_0033694,nv,5,5,2,False
ISIC_0034013,nv,5,5,2,False
ISIC_0025191,nv,5,5,2,False
ISIC_0028598,nv,5,5,2,False
ISIC_0031438,nv,5,5,2,False
ISIC_0029570,mel,4,4,2,False
ISIC_0025283,nv,5,5,2,False
ISIC_0034009,nv,5,5,2,False
ISIC_0034305,nv,5,5,2,False
ISIC_0034097,nv,5,5,2,False
ISIC_0026373,nv,5,5,2,False
ISIC_0026485,nv,5,5,2,False
ISIC_0028556,bcc,1,1,2,False
ISIC_0030391,mel,4,5,2,True
ISIC_0026081,mel,4,4,2,False
ISIC_0028508,mel,4,4,2,False
ISIC_0026123,nv,5,2,2,True
ISIC_0027860,nv,5,5,2,False
ISIC_0028835,nv,5,5,2,False
ISIC_0028648,nv,5,5,2,False
ISIC_0030253,nv,5,5,2,False
ISIC_0028292,nv,5,5,2,False
ISIC_0027561,mel,4,2,2,True
ISIC_0026883,nv,5,5,2,False
ISIC_0031412,nv,5,5,2,False
ISIC_0031908,mel,4,5,2,True
ISIC_0026897,mel,4,5,2,True
ISIC_0029437,nv,5,5,2,False
ISIC_0024678,nv,5,5,2,False
ISIC_0026695,nv,5,5,2,False
ISIC_0030292,nv,5,5,2,False
ISIC_0032877,bkl,2,2,2,False
ISIC_0034175,bkl,2,2,2,False
ISIC_0033523,bkl,2,5,2,True
ISIC_0031189,mel,4,5,2,True
ISIC_0032190,mel,4,4,2,False
ISIC_0032357,nv,5,5,2,False
ISIC_0030772,nv,5,2,2,True
ISIC_0032311,nv,5,5,2,False
ISIC_0030510,nv,5,5,2,False
ISIC_0029725,nv,5,5,2,False
ISIC_0024924,nv,5,4,2,True
ISIC_0028676,nv,5,5,2,False
ISIC_0028918,nv,5,5,2,False
ISIC_0030697,nv,5,5,2,False
ISIC_0025654,bkl,2,2,2,False
ISIC_0032321,nv,5,5,2,False
ISIC_0032348,bkl,2,2,2,False
ISIC_0027994,nv,5,5,2,False
ISIC_0032495,nv,5,5,2,False
ISIC_0032275,nv,5,5,2,False
ISIC_0031162,nv,5,5,2,False
ISIC_0031906,nv,5,5,2,False
ISIC_0030776,nv,5,5,2,False
ISIC_0031506,akiec,0,2,2,False
ISIC_0028929,mel,4,4,2,False
ISIC_0026746,mel,4,4,2,False
ISIC_0032698,mel,4,4,2,False
ISIC_0025278,nv,5,5,2,False
ISIC_0032312,nv,5,5,2,False
ISIC_0026700,nv,5,5,2,False
ISIC_0031018,nv,5,5,2,False
ISIC_0028424,nv,5,5,2,False
ISIC_0028053,nv,5,5,2,False
ISIC_0033808,df,3,5,2,False
ISIC_0033847,df,3,3,2,False
ISIC_0033860,df,3,5,2,False
ISIC_0031093,vasc,6,6,2,False
ISIC_0029608,vasc,6,6,2,False
ISIC_0032255,nv,5,5,2,False
ISIC_0030842,nv,5,5,2,False
ISIC_0033901,mel,4,5,2,True
ISIC_0032917,mel,4,4,2,False
ISIC_0032925,mel,4,4,2,False
ISIC_0027336,nv,5,5,2,False
ISIC_0029133,akiec,0,0,2,False
ISIC_0027440,nv,5,5,2,False
ISIC_0028857,nv,5,4,2,True
ISIC_0027180,nv,5,5,2,False
ISIC_0032319,nv,5,5,2,False
ISIC_0027529,akiec,0,4,2,False
ISIC_0024463,akiec,0,2,2,False
ISIC_0028795,akiec,0,0,2,False
ISIC_0033629,bkl,2,2,2,False
ISIC_0034037,bkl,2,5,2,True
ISIC_0032876,bkl,2,2,2,False
ISIC_0027254,akiec,0,2,2,False
ISIC_0027091,nv,5,5,2,False
ISIC_0025813,nv,5,5,2,False
ISIC_0025072,nv,5,5,2,False
ISIC_0029259,nv,5,5,2,False
ISIC_0032380,nv,5,5,2,False
ISIC_0025447,nv,5,5,2,False
ISIC_0031053,nv,5,2,2,True
ISIC_0029140,nv,5,4,2,True
ISIC_0030557,nv,5,5,2,False
ISIC_0028367,nv,5,5,2,False
ISIC_0030741,nv,5,5,2,False
ISIC_0032019,mel,4,5,2,True
ISIC_0026954,mel,4,5,2,True
ISIC_0028895,nv,5,5,2,False
ISIC_0026912,bkl,2,2,2,False
ISIC_0028263,nv,5,5,2,False
ISIC_0028610,nv,5,5,2,False
ISIC_0031360,nv,5,5,2,False
ISIC_0033919,nv,5,5,2,False
ISIC_0033640,nv,5,5,2,False
ISIC_0033927,nv,5,2,2,True
ISIC_0025631,nv,5,5,2,False
ISIC_0031337,nv,5,5,2,False
ISIC_0027644,nv,5,2,2,True
ISIC_0032009,nv,5,5,2,False
ISIC_0025716,bkl,2,4,2,True
ISIC_0034163,nv,5,2,2,True
ISIC_0034277,nv,5,5,2,False
ISIC_0034147,nv,5,2,2,True
ISIC_0033247,nv,5,5,2,False
ISIC_0033918,nv,5,5,2,False
ISIC_0032889,nv,5,5,2,False
ISIC_0025853,nv,5,5,2,False
ISIC_0026757,nv,5,5,2,False
ISIC_0031070,nv,5,5,2,False
ISIC_0028983,nv,5,2,2,True
ISIC_0031967,bkl,2,5,2,True
ISIC_0031584,bkl,2,5,2,True
ISIC_0030397,nv,5,5,2,False
ISIC_0029702,nv,5,2,2,True
ISIC_0029821,nv,5,5,2,False
ISIC_0027269,vasc,6,6,2,False
ISIC_0031974,nv,5,5,2,False
ISIC_0027129,nv,5,5,2,False
ISIC_0028729,nv,5,5,2,False
ISIC_0028782,nv,5,5,2,False
ISIC_0028136,nv,5,2,2,True
ISIC_0024588,nv,5,5,2,False
ISIC_0030016,nv,5,5,2,False
ISIC_0029398,nv,5,5,2,False
ISIC_0030446,bcc,1,1,2,False
ISIC_0031527,bcc,1,1,2,False
ISIC_0028070,nv,5,5,2,False
ISIC_0024941,nv,5,5,2,False
ISIC_0026028,nv,5,5,2,False
ISIC_0026747,nv,5,5,2,False
ISIC_0025838,bkl,2,4,2,True
ISIC_0030485,nv,5,5,2,False
ISIC_0031803,nv,5,5,2,False
ISIC_0033832,nv,5,5,2,False
ISIC_0032893,nv,5,5,2,False
ISIC_0032683,nv,5,2,2,True
ISIC_0024532,nv,5,5,2,False
ISIC_0025444,nv,5,5,2,False
ISIC_0026775,bkl,2,2,2,False
ISIC_0025713,nv,5,5,2,False
ISIC_0028217,nv,5,4,2,True
ISIC_0025333,nv,5,5,2,False
ISIC_0025361,nv,5,5,2,False
ISIC_0025890,nv,5,5,2,False
ISIC_0027499,nv,5,5,2,False
ISIC_0029022,bkl,2,2,2,False
ISIC_0025038,bkl,2,2,2,False
ISIC_0028182,nv,5,5,2,False
ISIC_0027907,nv,5,5,2,False
ISIC_0025870,nv,5,5,2,False
ISIC_0031182,nv,5,5,2,False
ISIC_0027448,nv,5,5,2,False
ISIC_0026773,nv,5,5,2,False
ISIC_0027318,nv,5,5,2,False
ISIC_0027172,akiec,0,0,2,False
ISIC_0030922,nv,5,5,2,False
ISIC_0033724,nv,5,5,2,False
ISIC_0033786,nv,5,5,2,False
ISIC_0031838,nv,5,5,2,False
ISIC_0025399,nv,5,5,2,False
ISIC_0024885,bcc,1,1,2,False
ISIC_0027105,mel,4,5,2,True
ISIC_0027502,mel,4,5,2,True
ISIC_0031737,nv,5,5,2,False
ISIC_0025318,nv,5,5,2,False
ISIC_0026098,nv,5,5,2,False
ISIC_0026097,nv,5,5,2,False
ISIC_0028767,nv,5,5,2,False
ISIC_0033853,bkl,2,2,2,False
ISIC_0033453,bkl,2,2,2,False
ISIC_0034126,bkl,2,4,2,True
ISIC_0027333,nv,5,5,2,False
ISIC_0025086,bkl,2,2,2,False
ISIC_0033595,mel,4,0,2,True
ISIC_0034059,mel,4,4,2,False
ISIC_0033063,mel,4,4,2,False
ISIC_0026877,mel,4,4,2,False
ISIC_0028773,mel,4,4,2,False
ISIC_0031733,nv,5,6,2,True
ISIC_0027240,nv,5,1,2,True
ISIC_0026249,bkl,2,2,2,False
ISIC_0031218,bkl,2,2,2,False
ISIC_0034225,nv,5,5,2,False
ISIC_0032916,nv,5,5,2,False
ISIC_0033756,nv,5,5,2,False
ISIC_0027651,mel,4,4,2,False
ISIC_0030014,mel,4,2,2,True
ISIC_0031415,nv,5,5,2,False
ISIC_0025728,nv,5,5,2,False
ISIC_0028821,nv,5,5,2,False
ISIC_0030339,bcc,1,1,2,False
ISIC_0027972,nv,5,5,2,False
ISIC_0029288,bkl,2,2,2,False
ISIC_0031008,bkl,2,2,2,False
ISIC_0030189,bkl,2,2,2,False
ISIC_0026532,bkl,2,2,2,False
ISIC_0024909,bkl,2,2,2,False
ISIC_0028258,bkl,2,2,2,False
ISIC_0031312,nv,5,5,2,False
ISIC_0029550,nv,5,5,2,False
ISIC_0025481,nv,5,5,2,False
ISIC_0031468,bkl,2,1,2,True
ISIC_0030926,bkl,2,2,2,False
ISIC_0032283,bkl,2,5,2,True
ISIC_0030005,bkl,2,2,2,False
ISIC_0032487,nv,5,5,2,False
ISIC_0028757,nv,5,5,2,False
ISIC_0025974,nv,5,5,2,False
ISIC_0029644,bcc,1,1,2,False
ISIC_0031109,nv,5,5,2,False
ISIC_0025055,nv,5,5,2,False
ISIC_0031695,nv,5,5,2,False
ISIC_0031665,nv,5,5,2,False
ISIC_0025108,nv,5,5,2,False
ISIC_0029296,nv,5,5,2,False
ISIC_0028816,akiec,0,1,2,False
ISIC_0028232,akiec,0,0,2,False
ISIC_0029864,nv,5,5,2,False
ISIC_0026516,mel,4,5,2,True
ISIC_0025724,mel,4,5,2,True
ISIC_0027047,akiec,0,0,2,False
ISIC_0028940,nv,5,5,2,False
ISIC_0027693,mel,4,4,2,False
ISIC_0029017,mel,4,5,2,True
ISIC_0025596,vasc,6,6,2,False
ISIC_0026397,nv,5,5,2,False
ISIC_0029087,nv,5,5,2,False
ISIC_0028886,nv,5,5,2,False
ISIC_0029639,nv,5,5,2,False
ISIC_0031668,nv,5,2,2,True
ISIC_0027431,nv,5,5,2,False
ISIC_0026447,nv,5,5,2,False
ISIC_0031427,nv,5,5,2,False
ISIC_0026981,akiec,0,0,2,False
ISIC_0031286,akiec,0,0,2,False
ISIC_0028954,nv,5,5,2,False
ISIC_0028490,bkl,2,2,2,False
ISIC_0033668,mel,4,2,2,True
ISIC_0032690,mel,4,2,2,True
ISIC_0032918,mel,4,5,2,True
ISIC_0024696,bkl,2,2,2,False
ISIC_0027273,nv,5,5,2,False
ISIC_0033166,mel,4,5,2,True
ISIC_0033320,mel,4,5,2,True
ISIC_0032526,mel,4,5,2,True
ISIC_0024791,nv,5,5,2,False
ISIC_0027819,bcc,1,5,2,False
ISIC_0024522,akiec,0,5,2,False
ISIC_0030387,akiec,0,5,2,False
ISIC_0024587,nv,5,2,2,True
ISIC_0029666,nv,5,2,2,True
ISIC_0027698,nv,5,2,2,True
ISIC_0031801,nv,5,5,2,False
ISIC_0033584,nv,5,3,2,True
ISIC_0033118,nv,5,3,2,True
ISIC_0027929,nv,5,5,2,False
ISIC_0033797,nv,5,5,2,False
ISIC_0033577,nv,5,5,2,False
ISIC_0029800,nv,5,5,2,False
ISIC_0030180,nv,5,5,2,False
ISIC_0026043,nv,5,2,2,True
ISIC_0031688,nv,5,5,2,False
ISIC_0026973,nv,5,5,2,False
ISIC_0024788,nv,5,5,2,False
ISIC_0027284,nv,5,5,2,False
ISIC_0024697,nv,5,4,2,True
ISIC_0028666,mel,4,2,2,True
ISIC_0029737,nv,5,5,2,False
ISIC_0032658,nv,5,5,2,False
ISIC_0032532,mel,4,4,2,False
ISIC_0033500,mel,4,4,2,False
ISIC_0025070,nv,5,5,2,False
ISIC_0025871,nv,5,5,2,False
ISIC_0031988,nv,5,5,2,False
ISIC_0029556,nv,5,5,2,False
ISIC_0025489,mel,4,5,2,True
ISIC_0025265,mel,4,5,2,True
ISIC_0032448,nv,5,5,2,False
ISIC_0029983,nv,5,4,2,True
ISIC_0027716,nv,5,5,2,False
ISIC_0031015,nv,5,5,2,False
ISIC_0031019,nv,5,2,2,True
ISIC_0027203,nv,5,5,2,False
ISIC_0033023,mel,4,4,2,False
ISIC_0033258,mel,4,4,2,False
ISIC_0031004,nv,5,5,2,False
ISIC_0026162,nv,5,5,2,False
ISIC_0024648,nv,5,5,2,False
ISIC_0027612,bkl,2,3,2,True
ISIC_0029890,nv,5,5,2,False
ISIC_0033064,nv,5,5,2,False
ISIC_0032697,nv,5,5,2,False
ISIC_0029327,nv,5,5,2,False
ISIC_0032494,nv,5,5,2,False
ISIC_0032760,nv,5,5,2,False
ISIC_0034128,nv,5,5,2,False
ISIC_0032263,nv,5,5,2,False
ISIC_0029190,nv,5,5,2,False
ISIC_0027855,nv,5,5,2,False
ISIC_0027303,akiec,0,4,2,False
ISIC_0026206,akiec,0,5,2,False
ISIC_0030948,nv,5,5,2,False
ISIC_0024670,nv,5,5,2,False
ISIC_0029715,akiec,0,5,2,False
ISIC_0029662,nv,5,5,2,False
ISIC_0030582,nv,5,5,2,False
ISIC_0028220,mel,4,2,2,True
ISIC_0029641,nv,5,5,2,False
ISIC_0031014,nv,5,5,2,False
ISIC_0024969,nv,5,5,2,False
ISIC_0032935,nv,5,5,2,False
ISIC_0024972,mel,4,4,2,False
ISIC_0031779,mel,4,2,2,True
ISIC_0028807,bcc,1,3,2,False
ISIC_0024673,bcc,1,5,2,False
ISIC_0025551,nv,5,5,2,False
ISIC_0029521,nv,5,5,2,False
ISIC_0024818,nv,5,5,2,False
ISIC_0031595,nv,5,5,2,False
ISIC_0027325,nv,5,5,2,False
ISIC_0024383,bkl,2,2,2,False
ISIC_0028540,nv,5,5,2,False
ISIC_0028723,nv,5,5,2,False
ISIC_0027136,nv,5,5,2,False
ISIC_0031840,nv,5,5,2,False
ISIC_0025711,bcc,1,6,2,False
ISIC_0024471,bkl,2,2,2,False
ISIC_0029878,bkl,2,2,2,False
ISIC_0027359,mel,4,4,2,False
ISIC_0031844,mel,4,5,2,True
ISIC_0026560,nv,5,5,2,False
ISIC_0025051,nv,5,5,2,False
ISIC_0027268,nv,5,5,2,False
ISIC_0026304,nv,5,5,2,False
ISIC_0025993,nv,5,5,2,False
ISIC_0027462,nv,5,4,2,True
ISIC_0025254,nv,5,4,2,True
ISIC_0025145,mel,4,5,2,True
ISIC_0028562,nv,5,2,2,True
ISIC_0025553,nv,5,1,2,True
ISIC_0029607,nv,5,5,2,False
ISIC_0034257,nv,5,1,2,True
ISIC_0031641,nv,5,5,2,False
ISIC_0033263,nv,5,5,2,False
ISIC_0033815,nv,5,5,2,False
ISIC_0034194,nv,5,5,2,False
ISIC_0027435,bkl,2,2,2,False
ISIC_0028180,bkl,2,2,2,False
ISIC_0029683,bkl,2,4,2,True
ISIC_0025388,bkl,2,2,2,False
ISIC_0028080,bkl,2,2,2,False
ISIC_0028930,mel,4,5,2,True
ISIC_0031389,mel,4,4,2,False
ISIC_0024918,mel,4,5,2,True
ISIC_0024410,mel,4,2,2,True
ISIC_0027725,nv,5,5,2,False
ISIC_0030328,nv,5,5,2,False
ISIC_0031363,nv,5,5,2,False
ISIC_0024455,nv,5,5,2,False
ISIC_0026361,nv,5,5,2,False
ISIC_0025650,bcc,1,1,2,False
ISIC_0029083,bcc,1,1,2,False
ISIC_0025450,mel,4,5,2,True
ISIC_0024586,mel,4,5,2,True
ISIC_0026459,nv,5,5,2,False
ISIC_0031113,nv,5,4,2,True
ISIC_0024561,nv,5,5,2,False
ISIC_0031055,nv,5,5,2,False
ISIC_0029129,bcc,1,1,2,False
ISIC_0024695,nv,5,5,2,False
ISIC_0026157,nv,5,5,2,False
ISIC_0030218,nv,5,5,2,False
ISIC_0025004,nv,5,5,2,False
ISIC_0028046,nv,5,5,2,False
ISIC_0028465,mel,4,2,2,True
ISIC_0026770,mel,4,2,2,True
ISIC_0032243,nv,5,5,2,False
ISIC_0026244,nv,5,5,2,False
ISIC_0029921,nv,5,5,2,False
ISIC_0030580,nv,5,2,2,True
ISIC_0030284,nv,5,5,2,False
ISIC_0033348,nv,5,5,2,False
ISIC_0033048,nv,5,5,2,False
ISIC_0033870,nv,5,5,2,False
ISIC_0026871,bkl,2,2,2,False
ISIC_0031921,nv,5,5,2,False
ISIC_0027437,bkl,2,5,2,True
ISIC_0025275,bkl,2,5,2,True
ISIC_0026606,bkl,2,5,2,True
ISIC_0025986,bkl,2,5,2,True
ISIC_0026339,nv,5,5,2,False
ISIC_0033635,bkl,2,5,2,True
ISIC_0033868,bkl,2,5,2,True
ISIC_0028695,nv,5,5,2,False
ISIC_0025517,nv,5,5,2,False
ISIC_0030553,nv,5,5,2,False
ISIC_0026368,nv,5,5,2,False
ISIC_0027434,nv,5,5,2,False
ISIC_0032457,nv,5,5,2,False
ISIC_0033391,bkl,2,2,2,False
ISIC_0031940,akiec,0,4,2,False
ISIC_0033729,nv,5,5,2,False
ISIC_0034307,nv,5,5,2,False
ISIC_0034137,nv,5,5,2,False
ISIC_0029056,mel,4,2,2,True
ISIC_0026802,mel,4,5,2,True
ISIC_0032232,mel,4,5,2,True
ISIC_0024705,bkl,2,2,2,False
ISIC_0026803,bkl,2,2,2,False
ISIC_0029107,bkl,2,2,2,False
ISIC_0031307,nv,5,5,2,False
ISIC_0026195,nv,5,5,2,False
ISIC_0032631,nv,5,5,2,False
ISIC_0026094,mel,4,5,2,True
ISIC_0027014,nv,5,5,2,False
ISIC_0026677,nv,5,5,2,False
ISIC_0029616,nv,5,5,2,False
ISIC_0026767,nv,5,5,2,False
ISIC_0027581,nv,5,5,2,False
ISIC_0032463,bkl,2,2,2,False
ISIC_0025548,bkl,2,5,2,True
ISIC_0024457,bcc,1,1,2,False
ISIC_0030349,bcc,1,1,2,False
ISIC_0026091,bcc,1,1,2,False
ISIC_0034160,bcc,1,1,2,False
ISIC_0031985,nv,5,5,2,False
ISIC_0030890,nv,5,5,2,False
ISIC_0027641,nv,5,5,2,False
ISIC_0025256,nv,5,5,2,False
ISIC_0030422,nv,5,5,2,False
ISIC_0031676,nv,5,4,2,True
ISIC_0032151,nv,5,5,2,False
ISIC_0030579,df,3,3,2,False
ISIC_0030483,nv,5,5,2,False
ISIC_0032452,nv,5,5,2,False
ISIC_0031239,mel,4,4,2,False
ISIC_0031336,nv,5,5,2,False
ISIC_0025695,nv,5,2,2,True
ISIC_0026427,nv,5,5,2,False
ISIC_0026851,nv,5,5,2,False
ISIC_0034181,nv,5,5,2,False
ISIC_0026846,bkl,2,2,2,False
ISIC_0025094,nv,5,2,2,True
ISIC_0026421,nv,5,2,2,True
ISIC_0033906,nv,5,4,2,True
ISIC_0033298,nv,5,5,2,False
ISIC_0034210,nv,5,4,2,True
ISIC_0026878,nv,5,5,2,False
ISIC_0033036,nv,5,5,2,False
ISIC_0029333,nv,5,5,2,False
ISIC_0028384,nv,5,2,2,True
ISIC_0030155,nv,5,5,2,False
ISIC_0025238,mel,4,4,2,False
ISIC_0027785,nv,5,5,2,False
ISIC_0029069,nv,5,5,2,False
ISIC_0024360,bcc,1,1,2,False
ISIC_0029899,bcc,1,1,2,False
ISIC_0025690,nv,5,5,2,False
ISIC_0025445,nv,5,5,2,False
ISIC_0025815,nv,5,5,2,False
ISIC_0026617,nv,5,5,2,False
ISIC_0033880,nv,5,5,2,False
ISIC_0033994,nv,5,5,2,False
ISIC_0032755,nv,5,5,2,False
ISIC_0032672,mel,4,4,2,False
ISIC_0034076,mel,4,4,2,False
ISIC_0032146,bcc,1,0,2,False
ISIC_0025126,nv,5,5,2,False
ISIC_0033946,mel,4,4,2,False
ISIC_0033369,mel,4,4,2,False
ISIC_0032447,mel,4,4,2,False
ISIC_0033655,mel,4,4,2,False
ISIC_0033831,mel,4,4,2,False
ISIC_0028748,nv,5,5,2,False
ISIC_0029977,nv,5,5,2,False
ISIC_0026609,nv,5,5,2,False
ISIC_0031861,nv,5,5,2,False
ISIC_0026711,nv,5,5,2,False
ISIC_0031572,nv,5,5,2,False
ISIC_0029245,nv,5,5,2,False
ISIC_0032168,bkl,2,2,2,False
ISIC_0030858,nv,5,5,2,False
ISIC_0030609,nv,5,4,2,True
ISIC_0028521,nv,5,5,2,False
ISIC_0026078,nv,5,5,2,False
ISIC_0033028,nv,5,5,2,False
ISIC_0028824,nv,5,5,2,False
ISIC_0031734,nv,5,5,2,False
ISIC_0025219,mel,4,4,2,False
ISIC_0026458,mel,4,4,2,False
ISIC_0026468,akiec,0,0,2,False
ISIC_0029391,bcc,1,1,2,False
ISIC_0025343,nv,5,5,2,False
ISIC_0030084,nv,5,5,2,False
ISIC_0024479,nv,5,5,2,False
ISIC_0032328,nv,5,2,2,True
ISIC_0026358,nv,5,5,2,False
ISIC_0025193,nv,5,5,2,False
ISIC_0024889,nv,5,5,2,False
ISIC_0031589,nv,5,5,2,False
ISIC_0031458,nv,5,5,2,False
ISIC_0024773,bkl,2,2,2,False
ISIC_0024893,bkl,2,4,2,True
ISIC_0029996,nv,5,5,2,False
ISIC_0031096,nv,5,5,2,False
ISIC_0026515,nv,5,5,2,False
ISIC_0025409,mel,4,2,2,True
ISIC_0030264,nv,5,5,2,False
ISIC_0030525,nv,5,2,2,True
ISIC_0028434,nv,5,5,2,False
ISIC_0025107,nv,5,5,2,False
ISIC_0033479,mel,4,4,2,False
ISIC_0033522,mel,4,4,2,False
ISIC_0027840,nv,5,2,2,True
ISIC_0026048,nv,5,5,2,False
ISIC_0031930,nv,5,5,2,False
ISIC_0034193,nv,5,5,2,False
ISIC_0027751,nv,5,5,2,False
ISIC_0025210,nv,5,5,2,False
ISIC_0026372,nv,5,5,2,False
ISIC_0029452,nv,5,4,2,True
ISIC_0028261,nv,5,2,2,True
ISIC_0026163,vasc,6,6,2,False
ISIC_0025807,vasc,6,6,2,False
ISIC_0025252,nv,5,5,2,False
ISIC_0027143,nv,5,5,2,False
ISIC_0029577,nv,5,4,2,True
ISIC_0024560,nv,5,4,2,True
ISIC_0024421,nv,5,5,2,False
ISIC_0033975,mel,4,5,2,True
ISIC_0033278,mel,4,4,2,False
ISIC_0033679,mel,4,3,2,True
ISIC_0030471,nv,5,5,2,False
ISIC_0027868,nv,5,5,2,False
ISIC_0031165,nv,5,5,2,False
ISIC_0027918,nv,5,5,2,False
ISIC_0030643,nv,5,5,2,False
ISIC_0025639,nv,5,5,2,False
ISIC_0024602,bkl,2,5,2,True
ISIC_0025805,bkl,2,2,2,False
ISIC_0029166,bkl,2,2,2,False
ISIC_0028752,nv,5,5,2,False
ISIC_0027235,nv,5,5,2,False
ISIC_0027152,nv,5,5,2,False
ISIC_0031774,nv,5,5,2,False
ISIC_0029415,nv,5,5,2,False
ISIC_0025375,nv,5,5,2,False
ISIC_0027013,nv,5,5,2,False
ISIC_0031073,nv,5,5,2,False
ISIC_0027283,nv,5,5,2,False
ISIC_0024491,nv,5,5,2,False
ISIC_0029757,nv,5,5,2,False
ISIC_0024609,nv,5,5,2,False
ISIC_0027992,nv,5,5,2,False
ISIC_0032499,nv,5,5,2,False
ISIC_0024684,nv,5,2,2,True
ISIC_0024740,bkl,2,5,2,True
ISIC_0030649,bkl,2,2,2,False
ISIC_0032043,bkl,2,2,2,False
ISIC_0030369,bkl,2,2,2,False
ISIC_0033083,nv,5,5,2,False
ISIC_0033133,nv,5,5,2,False
ISIC_0033352,nv,5,5,2,False
ISIC_0032605,nv,5,5,2,False
ISIC_0032779,nv,5,5,2,False
ISIC_0033950,nv,5,2,2,True
ISIC_0024770,bkl,2,2,2,False
ISIC_0026565,nv,5,5,2,False
ISIC_0029851,akiec,0,4,2,False
ISIC_0029279,akiec,0,0,2,False
ISIC_0031220,nv,5,2,2,True
ISIC_0029280,nv,5,5,2,False
ISIC_0027078,nv,5,5,2,False
ISIC_0028085,bcc,1,5,2,False
ISIC_0025691,bcc,1,3,2,False
ISIC_0029832,nv,5,5,2,False
ISIC_0030017,nv,5,5,2,False
ISIC_0033104,nv,5,4,2,True
ISIC_0032579,nv,5,5,2,False
ISIC_0033189,nv,5,5,2,False
ISIC_0028119,nv,5,5,2,False
ISIC_0029124,nv,5,5,2,False
ISIC_0027139,bkl,2,2,2,False
ISIC_0027127,nv,5,5,2,False
ISIC_0028849,nv,5,5,2,False
ISIC_0031408,mel,4,4,2,False
ISIC_0028328,nv,5,5,2,False
ISIC_0033292,nv,5,5,2,False
ISIC_0033610,nv,5,2,2,True
ISIC_0033100,nv,5,2,2,True
ISIC_0027304,nv,5,5,2,False
ISIC_0030073,nv,5,5,2,False
ISIC_0029261,nv,5,5,2,False
ISIC_0025293,nv,5,5,2,False
ISIC_0030081,bkl,2,2,2,False
ISIC_0028709,mel,4,1,2,True
ISIC_0030562,nv,5,5,2,False
ISIC_0029774,nv,5,5,2,False
ISIC_0024737,nv,5,5,2,False
ISIC_0028330,nv,5,5,2,False
ISIC_0031540,nv,5,5,2,False
ISIC_0031550,mel,4,4,2,False
ISIC_0029146,mel,4,0,2,True
ISIC_0031487,nv,5,5,2,False
ISIC_0026425,nv,5,5,2,False
ISIC_0028293,nv,5,5,2,False
ISIC_0029093,nv,5,5,2,False
ISIC_0026198,nv,5,5,2,False
ISIC_0026023,nv,5,5,2,False
ISIC_0030639,nv,5,5,2,False
ISIC_0030894,nv,5,2,2,True
ISIC_0032143,nv,5,5,2,False
ISIC_0025726,nv,5,5,2,False
ISIC_0031534,nv,5,5,2,False
ISIC_0028711,nv,5,5,2,False
ISIC_0031334,bkl,2,2,2,False
ISIC_0024849,nv,5,5,2,False
ISIC_0026580,nv,5,5,2,False
ISIC_0030919,nv,5,5,2,False
ISIC_0029908,nv,5,5,2,False
ISIC_0030455,nv,5,5,2,False
ISIC_0028725,nv,5,5,2,False
ISIC_0027574,nv,5,5,2,False
ISIC_0030058,nv,5,5,2,False
ISIC_0027483,nv,5,5,2,False
ISIC_0029708,nv,5,5,2,False
ISIC_0027401,nv,5,4,2,True
ISIC_0028637,nv,5,4,2,True
ISIC_0026543,nv,5,5,2,False
ISIC_0026566,bkl,2,5,2,True
ISIC_0028236,bkl,2,5,2,True
ISIC_0025967,nv,5,5,2,False
ISIC_0031960,nv,5,5,2,False
ISIC_0024578,nv,5,5,2,False
ISIC_0027009,nv,5,5,2,False
ISIC_0029876,nv,5,5,2,False
ISIC_0024458,nv,5,5,2,False
ISIC_0030173,bkl,2,4,2,True
ISIC_0029012,bkl,2,2,2,False
ISIC_0026357,nv,5,5,2,False
ISIC_0029300,nv,5,5,2,False
ISIC_0026710,nv,5,5,2,False
ISIC_0028919,nv,5,5,2,False
ISIC_0026903,nv,5,5,2,False
ISIC_0027508,nv,5,5,2,False
ISIC_0029253,nv,5,5,2,False
ISIC_0030770,vasc,6,6,2,False
ISIC_0032240,vasc,6,6,2,False
ISIC_0024980,nv,5,5,2,False
ISIC_0025085,mel,4,2,2,True
ISIC_0031034,mel,4,5,2,True
ISIC_0030972,nv,5,5,2,False
ISIC_0032295,nv,5,5,2,False
ISIC_0029179,nv,5,5,2,False
ISIC_0025158,nv,5,5,2,False
ISIC_0025336,nv,5,5,2,False
ISIC_0030215,nv,5,5,2,False
ISIC_0027045,nv,5,5,2,False
ISIC_0032339,nv,5,5,2,False
ISIC_0029003,bkl,2,2,2,False
ISIC_0024711,bkl,2,2,2,False
ISIC_0029677,nv,5,5,2,False
ISIC_0030018,nv,5,5,2,False
ISIC_0026046,bkl,2,2,2,False
ISIC_0026507,nv,5,5,2,False
ISIC_0034142,bkl,2,2,2,False
ISIC_0032524,nv,5,2,2,True
ISIC_0033376,nv,5,2,2,True
ISIC_0033796,nv,5,5,2,False
ISIC_0027927,nv,5,5,2,False
ISIC_0031090,vasc,6,5,2,False
ISIC_0033163,nv,5,4,2,True
ISIC_0033887,nv,5,4,2,True
ISIC_0030230,bcc,1,5,2,False
ISIC_0031728,bcc,1,5,2,False
ISIC_0031526,bcc,1,5,2,False
ISIC_0025116,nv,5,5,2,False
ISIC_0025292,bkl,2,2,2,False
ISIC_0028376,bkl,2,2,2,False
ISIC_0026576,bkl,2,2,2,False
ISIC_0030629,nv,5,5,2,False
ISIC_0031178,nv,5,5,2,False
ISIC_0029216,mel,4,1,2,True
ISIC_0026489,mel,4,2,2,True
ISIC_0025392,bkl,2,2,2,False
ISIC_0031716,bkl,2,2,2,False
ISIC_0024976,nv,5,5,2,False
ISIC_0032907,nv,5,4,2,True
ISIC_0033760,nv,5,4,2,True
ISIC_0026292,nv,5,5,2,False
ISIC_0032870,mel,4,4,2,False
ISIC_0029092,mel,4,5,2,True
ISIC_0029222,nv,5,5,2,False
ISIC_0027446,nv,5,5,2,False
ISIC_0027035,nv,5,5,2,False
ISIC_0029624,nv,5,5,2,False
ISIC_0028433,nv,5,5,2,False
ISIC_0029753,nv,5,5,2,False
ISIC_0027593,nv,5,5,2,False
ISIC_0029097,nv,5,5,2,False
ISIC_0029102,bkl,2,0,2,True
ISIC_0027154,bkl,2,2,2,False
ISIC_0025314,df,3,3,2,False
ISIC_0025289,nv,5,5,2,False
ISIC_0027428,bkl,2,2,2,False
ISIC_0027298,nv,5,0,2,True
ISIC_0027098,nv,5,4,2,True
ISIC_0029520,nv,5,5,2,False
ISIC_0027943,nv,5,5,2,False
ISIC_0027425,bcc,1,1,2,False
ISIC_0030725,nv,5,5,2,False
ISIC_0032708,nv,5,5,2,False
ISIC_0033574,nv,5,5,2,False
ISIC_0031516,nv,5,5,2,False
ISIC_0034308,nv,5,5,2,False
ISIC_0032957,nv,5,5,2,False
ISIC_0033334,nv,5,5,2,False
ISIC_0026812,nv,5,5,2,False
ISIC_0028975,nv,5,5,2,False
ISIC_0028760,mel,4,5,2,True
ISIC_0030092,nv,5,5,2,False
ISIC_0026959,bkl,2,5,2,True
ISIC_0029212,mel,4,4,2,False
ISIC_0029430,nv,5,5,2,False
ISIC_0027312,nv,5,2,2,True
ISIC_0031888,bkl,2,2,2,False
ISIC_0027182,nv,5,5,2,False
ISIC_0032220,mel,4,1,2,True
ISIC_0032258,mel,4,6,2,True
ISIC_0026264,nv,5,5,2,False
ISIC_0031044,akiec,0,0,2,False
ISIC_0032408,mel,4,4,2,False
ISIC_0029103,nv,5,5,2,False
ISIC_0028089,nv,5,5,2,False
ISIC_0031890,mel,4,4,2,False
ISIC_0026456,vasc,6,1,2,False
ISIC_0033725,mel,4,5,2,True
ISIC_0032537,mel,4,5,2,True
ISIC_0033287,mel,4,5,2,True
ISIC_0032849,nv,5,5,2,False
ISIC_0027075,nv,5,5,2,False
ISIC_0025036,nv,5,5,2,False
ISIC_0028483,nv,5,5,2,False
ISIC_0025704,nv,5,5,2,False
ISIC_0030409,nv,5,5,2,False
ISIC_0027216,df,3,3,2,False
ISIC_0029260,bkl,2,2,2,False
ISIC_0031440,nv,5,5,2,False
ISIC_0030780,nv,5,5,2,False
ISIC_0028233,bkl,2,1,2,True
ISIC_0025759,nv,5,4,2,True
ISIC_0031366,nv,5,4,2,True
ISIC_0025640,nv,5,5,2,False
ISIC_0029039,df,3,5,2,False
ISIC_0025504,df,3,5,2,False
ISIC_0028741,nv,5,5,2,False
ISIC_0028944,nv,5,2,2,True
ISIC_0027541,nv,5,5,2,False
ISIC_0028717,nv,5,5,2,False
ISIC_0026242,nv,5,5,2,False
ISIC_0024805,mel,4,4,2,False
ISIC_0030032,mel,4,4,2,False
ISIC_0030376,nv,5,5,2,False
ISIC_0033141,mel,4,5,2,True
ISIC_0033261,mel,4,4,2,False
ISIC_0032766,mel,4,5,2,True
ISIC_0026100,akiec,0,1,2,False
ISIC_0029567,akiec,0,1,2,False
ISIC_0030351,nv,5,5,2,False
ISIC_0030157,nv,5,5,2,False
ISIC_0032687,mel,4,4,2,False
ISIC_0033055,mel,4,4,2,False
ISIC_0029220,bcc,1,1,2,False
ISIC_0028366,nv,5,5,2,False
ISIC_0027251,nv,5,5,2,False
ISIC_0027395,nv,5,5,2,False
ISIC_0028336,bkl,2,2,2,False
ISIC_0031324,nv,5,5,2,False
ISIC_0024611,nv,5,5,2,False
ISIC_0029587,nv,5,5,2,False
ISIC_0034186,bkl,2,1,2,True
ISIC_0025459,nv,5,5,2,False
ISIC_0029283,nv,5,5,2,False
ISIC_0029719,nv,5,4,2,True
ISIC_0027684,nv,5,5,2,False
ISIC_0030832,nv,5,5,2,False
ISIC_0024642,nv,5,5,2,False
ISIC_0025959,nv,5,5,2,False
ISIC_0026352,mel,4,5,2,True
ISIC_0024688,mel,4,5,2,True
ISIC_0028279,nv,5,5,2,False
ISIC_0026641,nv,5,5,2,False
ISIC_0028600,nv,5,2,2,True
ISIC_0031205,nv,5,5,2,False
ISIC_0030891,nv,5,2,2,True
ISIC_0032091,nv,5,5,2,False
ISIC_0034130,nv,5,5,2,False
ISIC_0034195,nv,5,5,2,False
ISIC_0026581,nv,5,5,2,False
ISIC_0025936,nv,5,4,2,True
ISIC_0026401,nv,5,5,2,False
ISIC_0030370,nv,5,5,2,False
ISIC_0033642,bkl,2,5,2,True
ISIC_0033486,bkl,2,2,2,False
ISIC_0027980,nv,5,5,2,False
ISIC_0030119,mel,4,1,2,True
ISIC_0028215,mel,4,4,2,False
ISIC_0029766,nv,5,5,2,False
ISIC_0027801,bkl,2,2,2,False
ISIC_0026708,nv,5,5,2,False
ISIC_0026658,nv,5,5,2,False
ISIC_0029408,nv,5,5,2,False
ISIC_0030763,nv,5,5,2,False
ISIC_0033059,nv,5,4,2,True
ISIC_0033113,nv,5,5,2,False
ISIC_0033547,nv,5,5,2,False
ISIC_0028017,mel,4,2,2,True
ISIC_0027797,mel,4,5,2,True
ISIC_0030928,nv,5,5,2,False
ISIC_0032654,bkl,2,4,2,True
ISIC_0032576,bkl,2,4,2,True
ISIC_0029870,nv,5,5,2,False
ISIC_0024486,nv,5,5,2,False
ISIC_0031896,nv,5,5,2,False
ISIC_0025355,nv,5,5,2,False
ISIC_0032358,bkl,2,2,2,False
ISIC_0031200,bkl,2,2,2,False
ISIC_0029137,nv,5,5,2,False
ISIC_0025502,nv,5,5,2,False
ISIC_0027755,nv,5,5,2,False
ISIC_0025379,nv,5,5,2,False
ISIC_0028703,nv,5,5,2,False
ISIC_0026926,nv,5,5,2,False
ISIC_0029718,nv,5,5,2,False
ISIC_0025035,mel,4,5,2,True
ISIC_0029252,nv,5,2,2,True
ISIC_0026017,nv,5,2,2,True
ISIC_0027108,nv,5,5,2,False
ISIC_0024938,nv,5,4,2,True
ISIC_0030065,nv,5,4,2,True
ISIC_0025231,nv,5,4,2,True
ISIC_0029479,nv,5,5,2,False
ISIC_0032278,nv,5,1,2,True
ISIC_0024581,bkl,2,2,2,False
ISIC_0029565,nv,5,5,2,False
ISIC_0030757,df,3,0,2,False
ISIC_0031358,df,3,0,2,False
ISIC_0031735,df,3,0,2,False
ISIC_0026728,bkl,2,5,2,True
ISIC_0031228,akiec,0,0,2,False
ISIC_0024763,akiec,0,0,2,False
ISIC_0030848,nv,5,5,2,False
ISIC_0030716,nv,5,5,2,False
ISIC_0027572,nv,5,5,2,False
ISIC_0027280,nv,5,5,2,False
ISIC_0031219,nv,5,5,2,False
ISIC_0025619,nv,5,5,2,False
ISIC_0027497,nv,5,2,2,True
ISIC_0028255,nv,5,5,2,False
ISIC_0029938,nv,5,2,2,True
ISIC_0024777,nv,5,2,2,True
ISIC_0029196,nv,5,2,2,True
ISIC_0027221,nv,5,5,2,False
ISIC_0030504,nv,5,5,2,False
ISIC_0034285,nv,5,5,2,False
ISIC_0033966,nv,5,5,2,False
ISIC_0028522,nv,5,5,2,False
ISIC_0028268,nv,5,5,2,False
ISIC_0030819,nv,5,5,2,False
ISIC_0031135,nv,5,5,3,False
ISIC_0031723,nv,5,5,3,False
ISIC_0028133,nv,5,5,3,False
ISIC_0026143,nv,5,5,3,False
ISIC_0031708,nv,5,5,3,False
ISIC_0028329,bcc,1,1,3,False
ISIC_0028197,bcc,1,5,3,False
ISIC_0029831,bcc,1,1,3,False
ISIC_0028364,nv,5,4,3,True
ISIC_0030216,nv,5,5,3,False
ISIC_0028486,bcc,1,1,3,False
ISIC_0027371,bcc,1,5,3,False
ISIC_0027445,nv,5,5,3,False
ISIC_0025738,nv,5,5,3,False
ISIC_0030548,nv,5,5,3,False
ISIC_0025183,nv,5,5,3,False
ISIC_0025114,nv,5,5,3,False
ISIC_0030131,nv,5,5,3,False
ISIC_0032531,mel,4,4,3,False
ISIC_0032970,mel,4,4,3,False
ISIC_0028310,nv,5,1,3,True
ISIC_0025264,akiec,0,5,3,False
ISIC_0031396,bkl,2,2,3,False
ISIC_0026110,nv,5,5,3,False
ISIC_0030718,nv,5,5,3,False
ISIC_0026817,nv,5,5,3,False
ISIC_0033852,nv,5,5,3,False
ISIC_0033775,nv,5,5,3,False
ISIC_0033561,nv,5,5,3,False
ISIC_0028564,nv,5,5,3,False
ISIC_0028746,mel,4,2,3,True
ISIC_0028083,nv,5,5,3,False
ISIC_0025205,nv,5,5,3,False
ISIC_0027550,akiec,0,0,3,False
ISIC_0027969,bkl,2,5,3,True
ISIC_0029557,bkl,2,5,3,True
ISIC_0032123,bkl,2,5,3,True
ISIC_0030628,nv,5,5,3,False
ISIC_0025025,nv,5,5,3,False
ISIC_0024929,mel,4,4,3,False
ISIC_0031583,nv,5,5,3,False
ISIC_0025730,nv,5,5,3,False
ISIC_0028581,nv,5,5,3,False
ISIC_0026155,nv,5,5,3,False
ISIC_0033569,mel,4,4,3,False
ISIC_0032535,mel,4,4,3,False
ISIC_0028808,nv,5,5,3,False
ISIC_0026513,nv,5,4,3,True
ISIC_0027540,nv,5,5,3,False
ISIC_0033999,mel,4,4,3,False
ISIC_0033856,mel,4,4,3,False
ISIC_0024412,bkl,2,0,3,True
ISIC_0030338,nv,5,5,3,False
ISIC_0031138,bkl,2,2,3,False
ISIC_0028710,bkl,2,2,3,False
ISIC_0028405,nv,5,5,3,False
ISIC_0031248,nv,5,5,3,False
ISIC_0024872,nv,5,5,3,False
ISIC_0028460,mel,4,4,3,False
ISIC_0026847,mel,4,4,3,False
ISIC_0025865,nv,5,1,3,True
ISIC_0024935,nv,5,5,3,False
ISIC_0025062,nv,5,5,3,False
ISIC_0029711,nv,5,5,3,False
ISIC_0033233,nv,5,5,3,False
ISIC_0032770,nv,5,5,3,False
ISIC_0034184,nv,5,2,3,True
ISIC_0028061,nv,5,5,3,False
ISIC_0026279,nv,5,5,3,False
ISIC_0031814,nv,5,5,3,False
ISIC_0025576,bcc,1,1,3,False
ISIC_0031419,nv,5,5,3,False
ISIC_0032742,nv,5,5,3,False
ISIC_0032961,nv,5,5,3,False
ISIC_0034112,nv,5,5,3,False
ISIC_0033735,nv,5,4,3,True
ISIC_0026103,nv,5,5,3,False
ISIC_0030494,nv,5,5,3,False
ISIC_0030495,nv,5,5,3,False
ISIC_0033784,bkl,2,2,3,False
ISIC_0033307,bkl,2,2,3,False
ISIC_0030256,nv,5,5,3,False
ISIC_0030497,nv,5,5,3,False
ISIC_0034222,mel,4,1,3,True
ISIC_0032569,mel,4,5,3,True
ISIC_0034064,mel,4,5,3,True
ISIC_0025092,nv,5,5,3,False
ISIC_0031894,nv,5,5,3,False
ISIC_0025601,bcc,1,1,3,False
ISIC_0032461,bcc,1,1,3,False
ISIC_0029632,mel,4,4,3,False
ISIC_0025391,mel,4,4,3,False
ISIC_0024555,nv,5,5,3,False
ISIC_0027218,bkl,2,5,3,True
ISIC_0032431,nv,5,5,3,False
ISIC_0026331,nv,5,5,3,False
ISIC_0026985,nv,5,5,3,False
ISIC_0030566,nv,5,5,3,False
ISIC_0028689,nv,5,5,3,False
ISIC_0028135,nv,5,5,3,False
ISIC_0027420,mel,4,4,3,False
ISIC_0024309,nv,5,5,3,False
ISIC_0031320,nv,5,5,3,False
ISIC_0031972,mel,4,4,3,False
ISIC_0030539,mel,4,2,3,True
ISIC_0031699,nv,5,5,3,False
ISIC_0031462,nv,5,2,3,True
ISIC_0024997,bkl,2,2,3,False
ISIC_0031991,nv,5,5,3,False
ISIC_0029164,nv,5,5,3,False
ISIC_0025274,nv,5,5,3,False
ISIC_0024747,vasc,6,6,3,False
ISIC_0031346,vasc,6,2,3,False
ISIC_0032233,nv,5,5,3,False
ISIC_0028116,nv,5,5,3,False
ISIC_0024593,nv,5,5,3,False
ISIC_0026369,mel,4,4,3,False
ISIC_0030521,mel,4,5,3,True
ISIC_0031599,nv,5,5,3,False
ISIC_0028226,nv,5,5,3,False
ISIC_0031710,nv,5,4,3,True
ISIC_0028923,nv,5,4,3,True
ISIC_0027857,nv,5,5,3,False
ISIC_0025423,nv,5,2,3,True
ISIC_0025163,nv,5,5,3,False
ISIC_0025659,bkl,2,1,3,True
ISIC_0029855,nv,5,1,3,True
ISIC_0027360,nv,5,5,3,False
ISIC_0029554,nv,5,1,3,True
ISIC_0030840,nv,5,5,3,False
ISIC_0028478,nv,5,5,3,False
ISIC_0027379,nv,5,5,3,False
ISIC_0027468,nv,5,5,3,False
ISIC_0029409,nv,5,5,3,False
ISIC_0032364,nv,5,2,3,True
ISIC_0026483,nv,5,5,3,False
ISIC_0027348,nv,5,1,3,True
ISIC_0027142,bkl,2,5,3,True
ISIC_0032956,nv,5,5,3,False
ISIC_0026064,nv,5,5,3,False
ISIC_0026573,nv,5,4,3,True
ISIC_0030368,nv,5,5,3,False
ISIC_0027337,bcc,1,5,3,False
ISIC_0024441,nv,5,5,3,False
ISIC_0024998,nv,5,5,3,False
ISIC_0024759,nv,5,5,3,False
ISIC_0030037,nv,5,5,3,False
ISIC_0028964,bcc,1,0,3,False
ISIC_0025175,nv,5,5,3,False
ISIC_0029198,nv,5,5,3,False
ISIC_0027397,nv,5,1,3,True
ISIC_0028373,nv,5,5,3,False
ISIC_0024714,nv,5,2,3,True
ISIC_0027427,nv,5,5,3,False
ISIC_0026389,nv,5,1,3,True
ISIC_0026341,nv,5,5,3,False
ISIC_0027697,nv,5,5,3,False
ISIC_0028000,nv,5,5,3,False
ISIC_0026517,nv,5,5,3,False
ISIC_0034314,nv,5,5,3,False
ISIC_0034174,nv,5,5,3,False
ISIC_0033983,nv,5,5,3,False
ISIC_0027670,nv,5,5,3,False
ISIC_0027097,nv,5,4,3,True
ISIC_0033065,nv,5,5,3,False
ISIC_0029693,nv,5,5,3,False
ISIC_0024337,bkl,2,2,3,False
ISIC_0034110,nv,5,5,3,False
ISIC_0025160,nv,5,5,3,False
ISIC_0033389,nv,5,5,3,False
ISIC_0031932,nv,5,5,3,False
ISIC_0032434,nv,5,5,3,False
ISIC_0026059,nv,5,5,3,False
ISIC_0031449,bkl,2,5,3,True
ISIC_0026842,bkl,2,5,3,True
ISIC_0029336,nv,5,5,3,False
ISIC_0029319,mel,4,4,3,False
ISIC_0032219,mel,4,4,3,False
ISIC_0030569,nv,5,5,3,False
ISIC_0030513,nv,5,5,3,False
ISIC_0026470,nv,5,5,3,False
ISIC_0027135,bcc,1,1,3,False
ISIC_0024506,nv,5,5,3,False
ISIC_0029369,nv,5,5,3,False
ISIC_0028776,nv,5,5,3,False
ISIC_0025028,nv,5,5,3,False
ISIC_0030816,nv,5,5,3,False
ISIC_0026217,nv,5,5,3,False
ISIC_0030382,mel,4,0,3,True
ISIC_0025833,nv,5,5,3,False
ISIC_0029914,mel,4,5,3,True
ISIC_0026220,nv,5,5,3,False
ISIC_0027385,vasc,6,6,3,False
ISIC_0030882,vasc,6,6,3,False
ISIC_0025860,nv,5,5,3,False
ISIC_0025473,nv,5,5,3,False
ISIC_0027987,nv,5,5,3,False
ISIC_0032257,nv,5,5,3,False
ISIC_0030359,nv,5,5,3,False
ISIC_0029787,nv,5,5,3,False
ISIC_0025681,nv,5,5,3,False
ISIC_0030985,nv,5,5,3,False
ISIC_0032688,bkl,2,2,3,False
ISIC_0033252,bkl,2,5,3,True
ISIC_0032570,bkl,2,2,3,False
ISIC_0032115,nv,5,5,3,False
ISIC_0032080,nv,5,5,3,False
ISIC_0030083,mel,4,4,3,False
ISIC_0030002,mel,4,4,3,False
ISIC_0029640,nv,5,5,3,False
ISIC_0029724,nv,5,5,3,False
ISIC_0027707,nv,5,5,3,False
ISIC_0031524,nv,5,5,3,False
ISIC_0032301,nv,5,5,3,False
ISIC_0029402,nv,5,5,3,False
ISIC_0027571,nv,5,5,3,False
ISIC_0024623,bkl,2,2,3,False
ISIC_0029613,bkl,2,2,3,False
ISIC_0025365,nv,5,5,3,False
ISIC_0027169,nv,5,5,3,False
ISIC_0028033,mel,4,4,3,False
ISIC_0032204,mel,4,5,3,True
ISIC_0032095,mel,4,2,3,True
ISIC_0027520,nv,5,5,3,False
ISIC_0031342,nv,5,5,3,False
ISIC_0033745,nv,5,4,3,True
ISIC_0033112,nv,5,4,3,True
ISIC_0030940,nv,5,1,3,True
ISIC_0024394,nv,5,5,3,False
ISIC_0029516,nv,5,5,3,False
ISIC_0029801,bkl,2,2,3,False
ISIC_0025201,nv,5,5,3,False
ISIC_0030758,bkl,2,2,3,False
ISIC_0029337,bcc,1,0,3,False
ISIC_0033597,nv,5,5,3,False
ISIC_0033736,bkl,2,4,3,True
ISIC_0033378,bkl,2,1,3,True
ISIC_0031780,nv,5,5,3,False
ISIC_0032176,nv,5,4,3,True
ISIC_0033636,mel,4,4,3,False
ISIC_0029193,bcc,1,1,3,False
ISIC_0027526,bcc,1,1,3,False
ISIC_0030788,nv,5,5,3,False
ISIC_0028427,nv,5,5,3,False
ISIC_0025020,nv,5,5,3,False
ISIC_0026106,nv,5,5,3,False
ISIC_0033379,bkl,2,2,3,False
ISIC_0033438,bkl,2,2,3,False
ISIC_0032983,bkl,2,2,3,False
ISIC_0034024,bkl,2,2,3,False
ISIC_0029799,nv,5,5,3,False
ISIC_0030998,bkl,2,2,3,False
ISIC_0028333,nv,5,5,3,False
ISIC_0025845,nv,5,5,3,False
ISIC_0034259,bkl,2,2,3,False
ISIC_0033446,bkl,2,2,3,False
ISIC_0033200,bkl,2,2,3,False
ISIC_0029119,nv,5,5,3,False
ISIC_0026151,nv,5,5,3,False
ISIC_0032471,nv,5,5,3,False
ISIC_0027595,bcc,1,1,3,False
ISIC_0030600,nv,5,5,3,False
ISIC_0033769,nv,5,5,3,False
ISIC_0032904,nv,5,5,3,False
ISIC_0028965,mel,4,4,3,False
ISIC_0025260,bcc,1,3,3,False
ISIC_0031531,bcc,1,3,3,False
ISIC_0033751,nv,5,5,3,False
ISIC_0033559,mel,4,4,3,False
ISIC_0032922,mel,4,4,3,False
ISIC_0030889,nv,5,5,3,False
ISIC_0029956,nv,5,5,3,False
ISIC_0028868,nv,5,5,3,False
ISIC_0029681,nv,5,5,3,False
ISIC_0028335,akiec,0,2,3,False
ISIC_0032630,mel,4,4,3,False
ISIC_0033399,mel,4,4,3,False
ISIC_0024634,bcc,1,1,3,False
ISIC_0024388,nv,5,5,3,False
ISIC_0030116,nv,5,5,3,False
ISIC_0026270,nv,5,5,3,False
ISIC_0025096,nv,5,5,3,False
ISIC_0033172,nv,5,5,3,False
ISIC_0033326,nv,5,4,3,True
ISIC_0032743,nv,5,5,3,False
ISIC_0025794,nv,5,5,3,False
ISIC_0027069,mel,4,0,3,True
ISIC_0032001,nv,5,5,3,False
ISIC_0026238,nv,5,5,3,False
ISIC_0033041,bkl,2,5,3,True
ISIC_0033900,bkl,2,5,3,True
ISIC_0033361,bkl,2,5,3,True
ISIC_0024437,nv,5,5,3,False
ISIC_0031105,nv,5,5,3,False
ISIC_0033435,nv,5,5,3,False
ISIC_0034016,nv,5,5,3,False
ISIC_0030271,bcc,1,1,3,False
ISIC_0026643,bcc,1,0,3,False
ISIC_0030291,nv,5,5,3,False
ISIC_0028958,bkl,2,2,3,False
ISIC_0033993,nv,5,5,3,False
ISIC_0032926,nv,5,5,3,False
ISIC_0033049,nv,5,5,3,False
ISIC_0032066,nv,5,5,3,False
ISIC_0025340,nv,5,5,3,False
ISIC_0027202,bkl,2,2,3,False
ISIC_0032498,bkl,2,2,3,False
ISIC_0025155,mel,4,5,3,True
ISIC_0031557,mel,4,2,3,True
ISIC_0028469,nv,5,5,3,False
ISIC_0029509,nv,5,5,3,False
ISIC_0027512,nv,5,5,3,False
ISIC_0029917,bcc,1,1,3,False
ISIC_0030357,nv,5,5,3,False
ISIC_0028585,nv,5,5,3,False
ISIC_0032102,nv,5,5,3,False
ISIC_0028278,nv,5,5,3,False
ISIC_0032208,nv,5,5,3,False
ISIC_0029066,nv,5,5,3,False
ISIC_0033720,bcc,1,5,3,False
ISIC_0034255,bcc,1,5,3,False
ISIC_0032834,bcc,1,1,3,False
ISIC_0032845,mel,4,5,3,True
ISIC_0034317,mel,4,5,3,True
ISIC_0033662,mel,4,4,3,False
ISIC_0025405,nv,5,5,3,False
ISIC_0029580,bkl,2,2,3,False
ISIC_0031671,nv,5,5,3,False
ISIC_0029561,nv,5,5,3,False
ISIC_0028395,nv,5,5,3,False
ISIC_0029981,nv,5,5,3,False
ISIC_0028158,akiec,0,5,3,False
ISIC_0030289,nv,5,5,3,False
ISIC_0033510,nv,5,4,3,True
ISIC_0033222,nv,5,4,3,True
ISIC_0032546,nv,5,4,3,True
ISIC_0027351,nv,5,4,3,True
ISIC_0026011,nv,5,5,3,False
ISIC_0024876,nv,5,5,3,False
ISIC_0028445,mel,4,5,3,True
ISIC_0027076,mel,4,5,3,True
ISIC_0029859,mel,4,5,3,True
ISIC_0032213,nv,5,5,3,False
ISIC_0025549,nv,5,5,3,False
ISIC_0026801,nv,5,5,3,False
ISIC_0026534,nv,5,5,3,False
ISIC_0025297,bkl,2,2,3,False
ISIC_0024676,bkl,2,2,3,False
ISIC_0026432,nv,5,5,3,False
ISIC_0026798,bcc,1,2,3,False
ISIC_0025021,nv,5,5,3,False
ISIC_0028327,nv,5,5,3,False
ISIC_0031606,nv,5,5,3,False
ISIC_0028659,akiec,0,0,3,False
ISIC_0026120,mel,4,4,3,False
ISIC_0028412,mel,4,4,3,False
ISIC_0028008,nv,5,5,3,False
ISIC_0026440,nv,5,5,3,False
ISIC_0030735,nv,5,5,3,False
ISIC_0027875,bkl,2,2,3,False
ISIC_0030362,nv,5,5,3,False
ISIC_0031460,nv,5,5,3,False
ISIC_0026399,nv,5,5,3,False
ISIC_0027140,nv,5,5,3,False
ISIC_0031322,nv,5,5,3,False
ISIC_0032827,bkl,2,2,3,False
ISIC_0033022,bkl,2,2,3,False
ISIC_0029728,nv,5,1,3,True
ISIC_0028789,nv,5,5,3,False
ISIC_0027787,nv,5,5,3,False
ISIC_0028029,mel,4,4,3,False
ISIC_0024706,vasc,6,6,3,False
ISIC_0031719,vasc,6,5,3,False
ISIC_0030070,vasc,6,6,3,False
ISIC_0024371,bkl,2,5,3,True
ISIC_0031717,nv,5,5,3,False
ISIC_0034217,nv,5,5,3,False
ISIC_0032952,nv,5,5,3,False
ISIC_0025902,nv,5,5,3,False
ISIC_0030704,nv,5,5,3,False
ISIC_0034288,nv,5,5,3,False
ISIC_0033420,nv,5,5,3,False
ISIC_0032661,nv,5,5,3,False
ISIC_0025721,nv,5,5,3,False
ISIC_0034265,nv,5,5,3,False
ISIC_0028242,nv,5,5,3,False
ISIC_0030462,nv,5,5,3,False
ISIC_0026771,nv,5,5,3,False
ISIC_0028534,nv,5,5,3,False
ISIC_0030139,nv,5,5,3,False
ISIC_0028431,vasc,6,5,3,False
ISIC_0030426,nv,5,5,3,False
ISIC_0027734,nv,5,5,3,False
ISIC_0032738,nv,5,5,3,False
ISIC_0030425,nv,5,5,3,False
ISIC_0027996,bkl,2,2,3,False
ISIC_0030208,bkl,2,2,3,False
ISIC_0032585,nv,5,5,3,False
ISIC_0032899,nv,5,5,3,False
ISIC_0034157,nv,5,5,3,False
ISIC_0027847,nv,5,5,3,False
ISIC_0030709,nv,5,5,3,False
ISIC_0028926,df,3,5,3,False
ISIC_0024400,mel,4,2,3,True
ISIC_0029940,nv,5,5,3,False
ISIC_0029349,nv,5,5,3,False
ISIC_0024945,nv,5,5,3,False
ISIC_0030943,nv,5,5,3,False
ISIC_0026384,nv,5,5,3,False
ISIC_0028436,nv,5,5,3,False
ISIC_0026363,nv,5,5,3,False
ISIC_0024632,bcc,1,1,3,False
ISIC_0026668,bcc,1,1,3,False
ISIC_0025403,nv,5,5,3,False
ISIC_0025198,nv,5,5,3,False
ISIC_0026797,nv,5,5,3,False
ISIC_0031790,nv,5,5,3,False
ISIC_0025215,nv,5,5,3,False
ISIC_0030680,nv,5,5,3,False
ISIC_0027232,nv,5,5,3,False
ISIC_0031944,nv,5,5,3,False
ISIC_0030329,bkl,2,2,3,False
ISIC_0030631,nv,5,5,3,False
ISIC_0028036,nv,5,5,3,False
ISIC_0027162,bkl,2,2,3,False
ISIC_0024431,bcc,1,5,3,False
ISIC_0026656,bcc,1,1,3,False
ISIC_0025564,bcc,1,2,3,False
ISIC_0026315,nv,5,5,3,False
ISIC_0031210,nv,5,5,3,False
ISIC_0030341,akiec,0,0,3,False
ISIC_0032016,nv,5,5,3,False
ISIC_0028028,nv,5,5,3,False
ISIC_0030945,nv,5,0,3,True
ISIC_0028758,nv,5,2,3,True
ISIC_0031131,nv,5,0,3,True
ISIC_0031473,nv,5,2,3,True
ISIC_0030415,nv,5,5,3,False
ISIC_0029601,nv,5,5,3,False
ISIC_0033520,mel,4,5,3,True
ISIC_0034028,mel,4,2,3,True
ISIC_0028724,nv,5,5,3,False
ISIC_0032163,nv,5,5,3,False
ISIC_0031867,nv,5,4,3,True
ISIC_0031941,mel,4,4,3,False
ISIC_0024315,mel,4,5,3,True
ISIC_0026729,akiec,0,0,3,False
ISIC_0028063,akiec,0,0,3,False
ISIC_0027802,akiec,0,0,3,False
ISIC_0025224,nv,5,5,3,False
ISIC_0030872,nv,5,5,3,False
ISIC_0026680,nv,5,5,3,False
ISIC_0025591,nv,5,5,3,False
ISIC_0027986,nv,5,5,3,False
ISIC_0025325,nv,5,5,3,False
ISIC_0028682,nv,5,5,3,False
ISIC_0028915,mel,4,1,3,True
ISIC_0029652,mel,4,1,3,True
ISIC_0031295,mel,4,1,3,True
ISIC_0026854,nv,5,5,3,False
ISIC_0026446,bkl,2,5,3,True
ISIC_0024393,nv,5,5,3,False
ISIC_0029152,nv,5,5,3,False
ISIC_0024386,df,3,3,3,False
ISIC_0029819,mel,4,4,3,False
ISIC_0028371,nv,5,5,3,False
ISIC_0030063,nv,5,5,3,False
ISIC_0033347,nv,5,5,3,False
ISIC_0032668,nv,5,5,3,False
ISIC_0032891,nv,5,5,3,False
ISIC_0025952,nv,5,5,3,False
ISIC_0032063,bkl,2,2,3,False
ISIC_0027838,mel,4,5,3,True
ISIC_0026537,nv,5,5,3,False
ISIC_0026194,akiec,0,0,3,False
ISIC_0032555,nv,5,4,3,True
ISIC_0034254,nv,5,4,3,True
ISIC_0025097,mel,4,5,3,True
ISIC_0031666,mel,4,5,3,True
ISIC_0029378,nv,5,5,3,False
ISIC_0026735,mel,4,4,3,False
ISIC_0030901,mel,4,4,3,False
ISIC_0030995,mel,4,2,3,True
ISIC_0026709,akiec,0,0,3,False
ISIC_0028619,akiec,0,2,3,False
ISIC_0029076,nv,5,5,3,False
ISIC_0027352,mel,4,4,3,False
ISIC_0029558,mel,4,4,3,False
ISIC_0025370,nv,5,5,3,False
ISIC_0029574,mel,4,4,3,False
ISIC_0031141,nv,5,5,3,False
ISIC_0033767,nv,5,5,3,False
ISIC_0033755,nv,5,5,3,False
ISIC_0033625,nv,5,5,3,False
ISIC_0030312,nv,5,5,3,False
ISIC_0026080,nv,5,5,3,False
ISIC_0033903,nv,5,5,3,False
ISIC_0028977,bkl,2,2,3,False
ISIC_0026383,nv,5,5,3,False
ISIC_0030527,nv,5,5,3,False
ISIC_0026434,nv,5,5,3,False
ISIC_0025506,nv,5,5,3,False
ISIC_0030669,nv,5,5,3,False
ISIC_0024377,nv,5,5,3,False
ISIC_0026689,nv,5,5,3,False
ISIC_0025787,nv,5,5,3,False
ISIC_0028267,nv,5,5,3,False
ISIC_0027618,nv,5,5,3,False
ISIC_0029246,nv,5,5,3,False
ISIC_0033759,nv,5,5,3,False
ISIC_0034144,nv,5,5,3,False
ISIC_0032992,nv,5,5,3,False
ISIC_0032156,bkl,2,4,3,True
ISIC_0033875,nv,5,5,3,False
ISIC_0028806,nv,5,5,3,False
ISIC_0030078,nv,5,5,3,False
ISIC_0028173,mel,4,5,3,True
ISIC_0030488,bkl,2,2,3,False
ISIC_0026555,nv,5,5,3,False
ISIC_0028519,mel,4,4,3,False
ISIC_0024767,mel,4,0,3,True
ISIC_0024318,df,3,3,3,False
ISIC_0024396,df,3,3,3,False
ISIC_0028674,nv,5,5,3,False
ISIC_0026894,nv,5,5,3,False
ISIC_0026391,nv,5,5,3,False
ISIC_0025122,nv,5,5,3,False
ISIC_0028548,mel,4,4,3,False
ISIC_0027257,nv,5,5,3,False
ISIC_0024413,nv,5,5,3,False
ISIC_0027575,nv,5,5,3,False
ISIC_0029487,nv,5,5,3,False
ISIC_0027391,nv,5,5,3,False
ISIC_0024483,nv,5,5,3,False
ISIC_0025636,nv,5,5,3,False
ISIC_0030693,nv,5,0,3,True
ISIC_0028943,bkl,2,0,3,True
ISIC_0027991,bkl,2,4,3,True
ISIC_0031289,bkl,2,4,3,True
ISIC_0030172,bkl,2,2,3,False
ISIC_0030814,nv,5,5,3,False
ISIC_0028247,nv,5,5,3,False
ISIC_0028988,nv,5,5,3,False
ISIC_0027878,nv,5,5,3,False
ISIC_0032055,nv,5,5,3,False
ISIC_0033671,nv,5,5,3,False
ISIC_0033711,nv,5,5,3,False
ISIC_0025737,nv,5,5,3,False
ISIC_0031078,bkl,2,2,3,False
ISIC_0031464,bkl,2,4,3,True
ISIC_0025973,bkl,2,2,3,False
ISIC_0028922,nv,5,5,3,False
ISIC_0031900,mel,4,4,3,False
ISIC_0027557,nv,5,5,3,False
ISIC_0026039,nv,5,5,3,False
ISIC_0029994,nv,5,5,3,False
ISIC_0027953,bkl,2,2,3,False
ISIC_0026077,nv,5,5,3,False
ISIC_0027406,nv,5,4,3,True
ISIC_0030273,nv,5,4,3,True
ISIC_0034200,nv,5,5,3,False
ISIC_0031892,nv,5,5,3,False
ISIC_0030880,nv,5,5,3,False
ISIC_0028138,nv,5,5,3,False
ISIC_0026765,akiec,0,1,3,False
ISIC_0031950,vasc,6,6,3,False
ISIC_0027709,nv,5,5,3,False
ISIC_0027293,nv,5,5,3,False
ISIC_0024541,nv,5,5,3,False
ISIC_0030999,nv,5,5,3,False
ISIC_0024957,nv,5,5,3,False
ISIC_0032681,bkl,2,2,3,False
ISIC_0033509,bkl,2,2,3,False
ISIC_0032694,bkl,2,2,3,False
ISIC_0031075,nv,5,5,3,False
ISIC_0029059,akiec,0,1,3,False
ISIC_0028458,nv,5,5,3,False
ISIC_0026554,nv,5,0,3,True
ISIC_0031085,nv,5,4,3,True
ISIC_0025948,akiec,0,4,3,False
ISIC_0029007,nv,5,5,3,False
ISIC_0027179,mel,4,0,3,True
ISIC_0033101,nv,5,5,3,False
ISIC_0029386,nv,5,5,3,False
ISIC_0030982,nv,5,5,3,False
ISIC_0025784,nv,5,5,3,False
ISIC_0032112,nv,5,5,3,False
ISIC_0030836,nv,5,5,3,False
ISIC_0031905,nv,5,5,3,False
ISIC_0030367,nv,5,4,3,True
ISIC_0029622,nv,5,5,3,False
ISIC_0034153,nv,5,2,3,True
ISIC_0034017,nv,5,1,3,True
ISIC_0030989,nv,5,5,3,False
ISIC_0024499,nv,5,5,3,False
ISIC_0026499,nv,5,5,3,False
ISIC_0024944,nv,5,5,3,False
ISIC_0027845,nv,5,5,3,False
ISIC_0027383,nv,5,5,3,False
ISIC_0030295,nv,5,5,3,False
ISIC_0029206,bkl,2,2,3,False
ISIC_0030310,bkl,2,2,3,False
ISIC_0027786,bcc,1,1,3,False
ISIC_0030244,df,3,1,3,False
ISIC_0031827,df,3,3,3,False
ISIC_0024539,akiec,0,2,3,False
ISIC_0030288,nv,5,5,3,False
ISIC_0030294,nv,5,5,3,False
ISIC_0026224,nv,5,5,3,False
ISIC_0024569,nv,5,5,3,False
ISIC_0028137,nv,5,5,3,False
ISIC_0029233,bkl,2,2,3,False
ISIC_0031352,bkl,2,0,3,True
ISIC_0026744,bkl,2,2,3,False
ISIC_0030605,bkl,2,2,3,False
ISIC_0031562,nv,5,5,3,False
ISIC_0029200,nv,5,5,3,False
ISIC_0031217,vasc,6,6,3,False
ISIC_0025599,vasc,6,6,3,False
ISIC_0026164,nv,5,5,3,False
ISIC_0029489,bcc,1,1,3,False
ISIC_0029824,df,3,4,3,False
ISIC_0025622,df,3,4,3,False
ISIC_0031012,akiec,0,0,3,False
ISIC_0029533,akiec,0,4,3,False
ISIC_0024372,akiec,0,0,3,False
ISIC_0030616,mel,4,1,3,True
ISIC_0028896,nv,5,5,3,False
ISIC_0024971,bkl,2,0,3,True
ISIC_0028559,nv,5,5,3,False
ISIC_0024686,nv,5,5,3,False
ISIC_0032905,nv,5,4,3,True
ISIC_0034001,nv,5,4,3,True
ISIC_0032560,nv,5,4,3,True
ISIC_0028186,nv,5,5,3,False
ISIC_0026099,nv,5,5,3,False
ISIC_0034081,nv,5,5,3,False
ISIC_0025469,nv,5,2,3,True
ISIC_0025133,nv,5,2,3,True
ISIC_0029254,nv,5,2,3,True
ISIC_0029223,nv,5,2,3,True
ISIC_0027874,nv,5,5,3,False
ISIC_0025234,mel,4,4,3,False
ISIC_0028181,nv,5,5,3,False
ISIC_0028193,nv,5,5,3,False
ISIC_0024808,nv,5,5,3,False
ISIC_0025523,nv,5,5,3,False
ISIC_0029005,nv,5,5,3,False
ISIC_0025390,nv,5,5,3,False
ISIC_0028235,nv,5,5,3,False
ISIC_0028077,nv,5,5,3,False
ISIC_0029760,df,3,4,3,False
ISIC_0030555,df,3,2,3,False
ISIC_0032083,nv,5,5,3,False
ISIC_0029532,nv,5,5,3,False
ISIC_0026323,nv,5,5,3,False
ISIC_0030663,nv,5,5,3,False
ISIC_0026924,nv,5,5,3,False
ISIC_0029543,nv,5,5,3,False
ISIC_0029020,bcc,1,0,3,False
ISIC_0028880,df,3,0,3,False
ISIC_0031309,df,3,0,3,False
ISIC_0027338,nv,5,4,3,True
ISIC_0025534,nv,5,5,3,False
ISIC_0032097,nv,5,5,3,False
ISIC_0024851,bkl,2,4,3,True
ISIC_0029111,nv,5,5,3,False
ISIC_0027249,nv,5,5,3,False
ISIC_0031563,nv,5,5,3,False
ISIC_0031326,bkl,2,2,3,False
ISIC_0029105,nv,5,5,3,False
ISIC_0033826,nv,5,5,3,False
ISIC_0032853,nv,5,5,3,False
ISIC_0034148,nv,5,5,3,False
ISIC_0034241,nv,5,5,3,False
ISIC_0027719,akiec,0,2,3,False
ISIC_0026885,nv,5,5,3,False
ISIC_0028529,nv,5,5,3,False
ISIC_0027313,nv,5,5,3,False
ISIC_0029290,nv,5,5,3,False
ISIC_0030360,mel,4,2,3,True
ISIC_0031615,nv,5,5,3,False
ISIC_0031592,nv,5,5,3,False
ISIC_0028872,akiec,0,2,3,False
ISIC_0026083,akiec,0,2,3,False
ISIC_0030276,bkl,2,2,3,False
ISIC_0033656,nv,5,5,3,False
ISIC_0030766,bcc,1,1,3,False
ISIC_0027117,bcc,1,5,3,False
ISIC_0027836,nv,5,5,3,False
ISIC_0030577,nv,5,5,3,False
ISIC_0028769,nv,5,5,3,False
ISIC_0024942,nv,5,5,3,False
ISIC_0025754,nv,5,5,3,False
ISIC_0028777,mel,4,4,3,False
ISIC_0027964,mel,4,1,3,True
ISIC_0032372,mel,4,1,3,True
ISIC_0027237,nv,5,4,3,True
ISIC_0032138,df,3,3,3,False
ISIC_0029325,nv,5,5,3,False
ISIC_0027803,nv,5,5,3,False
ISIC_0031982,nv,5,5,3,False
ISIC_0024339,nv,5,5,3,False
ISIC_0030452,bcc,1,1,3,False
ISIC_0028847,mel,4,4,3,False
ISIC_0024961,mel,4,4,3,False
ISIC_0029605,nv,5,5,3,False
ISIC_0025512,mel,4,4,3,False
ISIC_0024999,mel,4,4,3,False
ISIC_0029080,bkl,2,2,3,False
ISIC_0033806,mel,4,4,3,False
ISIC_0032913,mel,4,4,3,False
ISIC_0030781,nv,5,5,3,False
ISIC_0030708,nv,5,5,3,False
ISIC_0032343,bkl,2,4,3,True
ISIC_0025244,vasc,6,6,3,False
ISIC_0030573,nv,5,5,3,False
ISIC_0031156,nv,5,5,3,False
ISIC_0024488,nv,5,5,3,False
ISIC_0024736,nv,5,5,3,False
ISIC_0032036,mel,4,5,3,True
ISIC_0030414,nv,5,5,3,False
ISIC_0031254,nv,5,5,3,False
ISIC_0027617,nv,5,5,3,False
ISIC_0029665,nv,5,5,3,False
ISIC_0026398,nv,5,5,3,False
ISIC_0034006,mel,4,4,3,False
ISIC_0033114,mel,4,4,3,False
ISIC_0032559,mel,4,5,3,True
ISIC_0030934,nv,5,5,3,False
ISIC_0026172,nv,5,5,3,False
ISIC_0028884,nv,5,5,3,False
ISIC_0028785,nv,5,5,3,False
ISIC_0024528,nv,5,5,3,False
ISIC_0026298,bkl,2,2,3,False
ISIC_0033253,nv,5,5,3,False
ISIC_0033974,nv,5,5,3,False
ISIC_0033941,nv,5,5,3,False
ISIC_0029769,nv,5,5,3,False
ISIC_0025024,nv,5,5,3,False
ISIC_0030188,bkl,2,4,3,True
ISIC_0026441,bkl,2,2,3,False
ISIC_0031497,nv,5,5,3,False
ISIC_0031731,nv,5,5,3,False
ISIC_0026199,nv,5,5,3,False
ISIC_0026944,nv,5,5,3,False
ISIC_0026465,nv,5,5,3,False
ISIC_0025541,nv,5,5,3,False
ISIC_0025117,nv,5,5,3,False
ISIC_0030627,nv,5,5,3,False
ISIC_0030148,nv,5,5,3,False
ISIC_0033877,nv,5,5,3,False
ISIC_0033589,nv,5,5,3,False
ISIC_0033888,nv,5,5,3,False
ISIC_0033338,nv,5,4,3,True
ISIC_0030650,nv,5,5,3,False
ISIC_0028569,nv,5,5,3,False
ISIC_0029599,nv,5,5,3,False
ISIC_0029875,nv,5,5,3,False
ISIC_0024859,nv,5,5,3,False
ISIC_0028865,nv,5,5,3,False
ISIC_0028464,nv,5,5,3,False
ISIC_0026659,nv,5,5,3,False
ISIC_0026192,bcc,1,1,3,False
ISIC_0032075,nv,5,2,3,True
ISIC_0025675,nv,5,5,3,False
ISIC_0032224,nv,5,5,3,False
ISIC_0033235,bkl,2,2,3,False
ISIC_0026085,bkl,2,4,3,True
ISIC_0030624,nv,5,5,3,False
ISIC_0025760,nv,5,5,3,False
ISIC_0029363,mel,4,4,3,False
ISIC_0029416,nv,5,5,3,False
ISIC_0028647,nv,5,5,3,False
ISIC_0027960,bkl,2,2,3,False
ISIC_0026955,bkl,2,2,3,False
ISIC_0031486,nv,5,5,3,False
ISIC_0026706,nv,5,5,3,False
ISIC_0030878,nv,5,5,3,False
ISIC_0031292,akiec,0,0,3,False
ISIC_0030036,akiec,0,0,3,False
ISIC_0030739,nv,5,5,3,False
ISIC_0027417,nv,5,5,3,False
ISIC_0026109,nv,5,5,3,False
ISIC_0029081,mel,4,4,3,False
ISIC_0025744,mel,4,5,3,True
ISIC_0030192,mel,4,5,3,True
ISIC_0029529,nv,5,5,3,False
ISIC_0034271,nv,5,5,3,False
ISIC_0033069,nv,5,5,3,False
ISIC_0032735,nv,5,5,3,False
ISIC_0033840,nv,5,5,3,False
ISIC_0031773,nv,5,5,3,False
ISIC_0028326,mel,4,4,3,False
ISIC_0027060,mel,4,4,3,False
ISIC_0027745,df,3,3,3,False
ISIC_0027915,bcc,1,1,3,False
ISIC_0026337,bcc,1,1,3,False
ISIC_0026902,bcc,1,1,3,False
ISIC_0030178,nv,5,5,3,False
ISIC_0025617,bcc,1,1,3,False
ISIC_0032015,nv,5,5,3,False
ISIC_0030834,nv,5,5,3,False
ISIC_0030097,nv,5,5,3,False
ISIC_0028072,nv,5,5,3,False
ISIC_0027056,nv,5,5,3,False
ISIC_0026501,nv,5,5,3,False
ISIC_0026006,nv,5,5,3,False
ISIC_0030656,nv,5,5,3,False
ISIC_0028190,akiec,0,0,3,False
ISIC_0025279,nv,5,5,3,False
ISIC_0028685,mel,4,4,3,False
ISIC_0028352,mel,4,4,3,False
ISIC_0025385,nv,5,5,3,False
ISIC_0025350,akiec,0,1,3,False
ISIC_0027500,nv,5,5,3,False
ISIC_0032077,nv,5,5,3,False
ISIC_0034283,bkl,2,2,3,False
ISIC_0031898,nv,5,5,3,False
ISIC_0030020,nv,5,5,3,False
ISIC_0025332,nv,5,5,3,False
ISIC_0031727,nv,5,5,3,False
ISIC_0025734,nv,5,2,3,True
ISIC_0030517,nv,5,5,3,False
ISIC_0028238,bcc,1,1,3,False
ISIC_0029755,bcc,1,1,3,False
ISIC_0030048,nv,5,5,3,False
ISIC_0032959,bcc,1,6,3,False
ISIC_0027671,nv,5,5,3,False
ISIC_0026546,nv,5,5,3,False
ISIC_0025141,nv,5,5,3,False
ISIC_0026660,nv,5,5,3,False
ISIC_0033145,nv,5,5,3,False
ISIC_0033799,nv,5,5,3,False
ISIC_0034260,nv,5,5,3,False
ISIC_0028527,nv,5,5,3,False
ISIC_0027244,nv,5,2,3,True
ISIC_0025593,nv,5,5,3,False
ISIC_0031914,nv,5,5,3,False
ISIC_0031241,nv,5,5,3,False
ISIC_0027206,nv,5,5,3,False
ISIC_0025907,nv,5,4,3,True
ISIC_0027113,nv,5,5,3,False
ISIC_0029110,nv,5,5,3,False
ISIC_0028856,bkl,2,5,3,True
ISIC_0027489,nv,5,5,3,False
ISIC_0027041,bkl,2,2,3,False
ISIC_0024667,nv,5,5,3,False
ISIC_0031088,bkl,2,2,3,False
ISIC_0032503,nv,5,5,3,False
ISIC_0025572,nv,5,5,3,False
ISIC_0028009,nv,5,4,3,True
ISIC_0026486,nv,5,5,3,False
ISIC_0032365,bkl,2,5,3,True
ISIC_0025199,bkl,2,2,3,False
ISIC_0032520,nv,5,5,3,False
ISIC_0032832,nv,5,5,3,False
ISIC_0033917,nv,5,5,3,False
ISIC_0032177,nv,5,5,3,False
ISIC_0030398,nv,5,5,3,False
ISIC_0029431,nv,5,5,3,False
ISIC_0024687,nv,5,5,3,False
ISIC_0033220,nv,5,5,3,False
ISIC_0032817,nv,5,5,3,False
ISIC_0032820,nv,5,5,3,False
ISIC_0032583,mel,4,5,3,True
ISIC_0034162,mel,4,5,3,True
ISIC_0032187,mel,4,5,3,True
ISIC_0030927,nv,5,5,3,False
ISIC_0026612,nv,5,5,3,False
ISIC_0034161,bcc,1,1,3,False
ISIC_0033747,bcc,1,1,3,False
ISIC_0030793,nv,5,5,3,False
ISIC_0031221,nv,5,5,3,False
ISIC_0029070,bkl,2,0,3,True
ISIC_0028822,bkl,2,0,3,True
ISIC_0027011,nv,5,5,3,False
ISIC_0027106,nv,5,5,3,False
ISIC_0025397,nv,5,5,3,False
ISIC_0028967,nv,5,5,3,False
ISIC_0027027,bkl,2,2,3,False
ISIC_0024379,nv,5,5,3,False
ISIC_0030112,nv,5,5,3,False
ISIC_0027559,bkl,2,2,3,False
ISIC_0024408,bkl,2,2,3,False
ISIC_0025916,nv,5,5,3,False
ISIC_0033481,nv,5,5,3,False
ISIC_0030392,nv,5,5,3,False
ISIC_0026509,nv,5,5,3,False
ISIC_0025280,nv,5,5,3,False
ISIC_0032451,nv,5,5,3,False
ISIC_0029808,nv,5,5,3,False
ISIC_0027746,nv,5,5,3,False
ISIC_0031500,nv,5,5,3,False
ISIC_0025942,nv,5,4,3,True
ISIC_0032175,nv,5,5,3,False
ISIC_0032409,vasc,6,6,3,False
ISIC_0028629,nv,5,5,3,False
ISIC_0030196,nv,5,5,3,False
ISIC_0032826,bkl,2,2,3,False
ISIC_0034115,bkl,2,5,3,True
ISIC_0024674,nv,5,5,3,False
ISIC_0027902,nv,5,5,3,False
ISIC_0027226,nv,5,5,3,False
ISIC_0029742,vasc,6,6,3,False
ISIC_0030659,bcc,1,1,3,False
ISIC_0027549,nv,5,5,3,False
ISIC_0025581,nv,5,5,3,False
ISIC_0026671,nv,5,5,3,False
ISIC_0029104,nv,5,5,3,False
ISIC_0030520,nv,5,5,3,False
ISIC_0032341,nv,5,5,3,False
ISIC_0029756,nv,5,5,3,False
ISIC_0026378,bkl,2,2,3,False
ISIC_0030203,bkl,2,2,3,False
ISIC_0025528,nv,5,5,3,False
ISIC_0026222,nv,5,5,3,False
ISIC_0031644,nv,5,5,3,False
ISIC_0027036,nv,5,5,3,False
ISIC_0031866,nv,5,5,3,False
ISIC_0028344,nv,5,5,3,False
ISIC_0025740,nv,5,5,3,False
ISIC_0027040,nv,5,5,3,False
ISIC_0027525,bcc,1,1,3,False
ISIC_0024550,bcc,1,1,3,False
ISIC_0029919,bcc,1,0,3,False
ISIC_0025830,bkl,2,4,3,True
ISIC_0024726,bkl,2,2,3,False
ISIC_0030049,nv,5,5,3,False
ISIC_0024392,nv,5,5,3,False
ISIC_0029777,nv,5,5,3,False
ISIC_0027547,nv,5,5,3,False
ISIC_0032395,bkl,2,2,3,False
ISIC_0032031,bkl,2,2,3,False
ISIC_0026947,bkl,2,0,3,True
ISIC_0024839,bkl,2,4,3,True
ISIC_0030877,akiec,0,0,3,False
ISIC_0027950,akiec,0,0,3,False
ISIC_0030955,nv,5,5,3,False
ISIC_0026253,nv,5,5,3,False
ISIC_0030791,nv,5,5,3,False
ISIC_0029731,bkl,2,5,3,True
ISIC_0032180,nv,5,5,3,False
ISIC_0028202,nv,5,4,3,True
ISIC_0024729,mel,4,5,3,True
ISIC_0031711,mel,4,4,3,False
ISIC_0025311,nv,5,5,3,False
ISIC_0032192,mel,4,4,3,False
ISIC_0029382,nv,5,5,3,False
ISIC_0030093,nv,5,4,3,True
ISIC_0028645,nv,5,0,3,True
ISIC_0027965,nv,5,5,3,False
ISIC_0031318,bcc,1,1,3,False
ISIC_0031470,bcc,1,1,3,False
ISIC_0032846,nv,5,5,3,False
ISIC_0033816,nv,5,5,3,False
ISIC_0033672,nv,5,5,3,False
ISIC_0031338,nv,5,5,3,False
ISIC_0026196,nv,5,5,3,False
ISIC_0028510,nv,5,5,3,False
ISIC_0027925,nv,5,5,3,False
ISIC_0031917,nv,5,4,3,True
ISIC_0027752,nv,5,5,3,False
ISIC_0024525,mel,4,4,3,False
ISIC_0031570,akiec,0,0,3,False
ISIC_0025276,bkl,2,5,3,True
ISIC_0032399,nv,5,5,3,False
ISIC_0031952,nv,5,5,3,False
ISIC_0026800,nv,5,5,3,False
ISIC_0032289,nv,5,5,3,False
ISIC_0027138,nv,5,4,3,True
ISIC_0024757,nv,5,4,3,True
ISIC_0027259,nv,5,5,3,False
ISIC_0026386,nv,5,5,3,False
ISIC_0033885,mel,4,4,3,False
ISIC_0029648,nv,5,5,3,False
ISIC_0027601,bcc,1,1,3,False
ISIC_0027659,mel,4,4,3,False
ISIC_0030223,mel,4,4,3,False
ISIC_0027299,nv,5,2,3,True
ISIC_0032504,mel,4,4,3,False
ISIC_0027956,mel,4,4,3,False
ISIC_0029887,nv,5,5,3,False
ISIC_0026982,nv,5,5,3,False
ISIC_0024863,nv,5,5,3,False
ISIC_0027478,bcc,1,1,3,False
ISIC_0030625,nv,5,5,3,False
ISIC_0026255,nv,5,5,3,False
ISIC_0027408,nv,5,4,3,True
ISIC_0030460,nv,5,4,3,True
ISIC_0028245,nv,5,5,3,False
ISIC_0032912,nv,5,5,3,False
ISIC_0024719,nv,5,5,3,False
ISIC_0029791,bkl,2,2,3,False
ISIC_0033392,mel,4,4,3,False
ISIC_0032873,mel,4,4,3,False
ISIC_0031000,bkl,2,0,3,True
ISIC_0027392,bkl,2,0,3,True
ISIC_0032797,mel,4,5,3,True
ISIC_0032596,mel,4,4,3,False
ISIC_0032856,mel,4,4,3,False
ISIC_0033193,mel,4,4,3,False
ISIC_0033125,mel,4,4,3,False
ISIC_0032810,mel,4,5,3,True
ISIC_0029968,nv,5,5,3,False
ISIC_0027895,nv,5,5,3,False
ISIC_0032979,nv,5,4,3,True
ISIC_0026491,nv,5,4,3,True
ISIC_0028783,nv,5,5,3,False
ISIC_0030099,nv,5,5,3,False
ISIC_0032236,nv,5,5,3,False
ISIC_0033416,mel,4,4,3,False
ISIC_0032662,mel,4,5,3,True
ISIC_0033452,mel,4,5,3,True
ISIC_0028471,nv,5,5,3,False
ISIC_0029219,nv,5,5,3,False
ISIC_0026535,nv,5,5,3,False
ISIC_0027682,nv,5,5,3,False
ISIC_0025353,nv,5,5,3,False
ISIC_0025540,nv,5,5,3,False
ISIC_0032333,nv,5,5,3,False
ISIC_0034209,nv,5,4,3,True
ISIC_0034297,nv,5,5,3,False
ISIC_0032363,nv,5,5,3,False
ISIC_0025638,nv,5,1,3,True
ISIC_0028945,nv,5,5,3,False
ISIC_0030401,nv,5,5,3,False
ISIC_0028754,nv,5,5,3,False
ISIC_0030913,nv,5,5,3,False
ISIC_0025662,nv,5,5,3,False
ISIC_0027510,nv,5,5,3,False
ISIC_0024355,nv,5,5,3,False
ISIC_0028828,nv,5,5,3,False
ISIC_0028925,bkl,2,2,3,False
ISIC_0028885,vasc,6,6,3,False
ISIC_0025613,nv,5,5,3,False
ISIC_0032733,mel,4,4,3,False
ISIC_0033183,mel,4,1,3,True
ISIC_0032564,mel,4,4,3,False
ISIC_0030054,nv,5,5,3,False
ISIC_0024898,mel,4,5,3,True
ISIC_0029538,mel,4,5,3,True
ISIC_0027620,mel,4,5,3,True
ISIC_0026779,nv,5,5,3,False
ISIC_0029502,mel,4,5,3,True
ISIC_0029748,nv,5,5,3,False
ISIC_0024750,nv,5,5,3,False
ISIC_0030456,nv,5,5,3,False
ISIC_0030942,nv,5,5,3,False
ISIC_0034122,nv,5,5,3,False
ISIC_0033281,nv,5,5,3,False
ISIC_0033285,nv,5,5,3,False
ISIC_0025947,nv,5,5,3,False
ISIC_0030594,bcc,1,1,3,False
ISIC_0033085,nv,5,5,3,False
ISIC_0033976,nv,5,5,3,False
ISIC_0034030,nv,5,5,3,False
ISIC_0034296,bkl,2,5,3,True
ISIC_0032763,bkl,2,5,3,True
ISIC_0034291,bkl,2,5,3,True
ISIC_0030453,nv,5,5,3,False
ISIC_0026068,vasc,6,6,3,False
ISIC_0026796,mel,4,4,3,False
ISIC_0026463,nv,5,5,3,False
ISIC_0032107,nv,5,4,3,True
ISIC_0032422,akiec,0,0,3,False
ISIC_0030826,akiec,0,0,3,False
ISIC_0029025,akiec,0,1,3,False
ISIC_0027201,nv,5,5,3,False
ISIC_0028916,mel,4,4,3,False
ISIC_0029249,bkl,2,2,3,False
ISIC_0030822,bkl,2,0,3,True
ISIC_0027156,nv,5,5,3,False
ISIC_0029086,nv,5,5,3,False
ISIC_0025230,nv,5,5,3,False
ISIC_0028448,bkl,2,2,3,False
ISIC_0029320,bkl,2,2,3,False
ISIC_0029427,bkl,2,2,3,False
ISIC_0024822,nv,5,5,3,False
ISIC_0031472,nv,5,5,3,False
ISIC_0030111,nv,5,5,3,False
ISIC_0031633,bkl,2,2,3,False
ISIC_0027850,bkl,2,0,3,True
ISIC_0030850,nv,5,5,3,False
ISIC_0027068,bkl,2,2,3,False
ISIC_0031101,nv,5,5,3,False
ISIC_0026836,nv,5,5,3,False
ISIC_0031186,mel,4,0,3,True
ISIC_0029905,nv,5,5,3,False
ISIC_0031074,nv,5,5,3,False
ISIC_0030653,mel,4,5,3,True
ISIC_0031821,mel,4,5,3,True
ISIC_0027170,nv,5,5,3,False
ISIC_0030267,nv,5,5,3,False
ISIC_0031714,nv,5,5,3,False
ISIC_0026605,nv,5,5,3,False
ISIC_0032269,mel,4,0,3,True
ISIC_0028218,mel,4,4,3,False
ISIC_0029771,nv,5,5,3,False
ISIC_0027475,nv,5,5,3,False
ISIC_0031729,nv,5,5,3,False
ISIC_0029979,nv,5,5,3,False
ISIC_0034053,nv,5,4,3,True
ISIC_0033750,bkl,2,4,3,True
ISIC_0025888,nv,5,5,3,False
ISIC_0028296,nv,5,5,3,False
ISIC_0030046,nv,5,5,3,False
ISIC_0028200,bkl,2,2,3,False
ISIC_0031661,nv,5,5,3,False
ISIC_0031648,vasc,6,6,3,False
ISIC_0033565,vasc,6,6,3,False
ISIC_0033123,vasc,6,6,3,False
ISIC_0025509,bcc,1,1,3,False
ISIC_0024443,bcc,1,1,3,False
ISIC_0028014,nv,5,2,3,True
ISIC_0025499,nv,5,5,3,False
ISIC_0025009,nv,5,5,3,False
ISIC_0032300,nv,5,5,3,False
ISIC_0026705,nv,5,5,3,False
ISIC_0031628,nv,5,5,3,False
ISIC_0032800,nv,5,5,3,False
ISIC_0025620,nv,5,2,3,True
ISIC_0025041,nv,5,5,3,False
ISIC_0030297,akiec,0,0,3,False
ISIC_0031022,nv,5,5,3,False
ISIC_0025609,nv,5,5,3,False
ISIC_0029629,nv,5,5,3,False
ISIC_0033666,bcc,1,4,3,False
ISIC_0033218,bcc,1,2,3,False
ISIC_0033054,bcc,1,6,3,False
ISIC_0028049,nv,5,5,3,False
ISIC_0025840,nv,5,2,3,True
ISIC_0034141,mel,4,5,3,True
ISIC_0033643,mel,4,5,3,True
ISIC_0032629,mel,4,4,3,False
ISIC_0028024,nv,5,5,3,False
ISIC_0029535,nv,5,5,3,False
ISIC_0024319,nv,5,5,3,False
ISIC_0028317,mel,4,2,3,True
ISIC_0031013,mel,4,4,3,False
ISIC_0034273,nv,5,5,3,False
ISIC_0032805,nv,5,5,3,False
ISIC_0032753,nv,5,5,3,False
ISIC_0028102,nv,5,5,3,False
ISIC_0027307,nv,5,5,3,False
ISIC_0025329,nv,5,5,3,False
ISIC_0026069,bkl,2,2,3,False
ISIC_0026524,bkl,2,2,3,False
ISIC_0028589,nv,5,5,3,False
ISIC_0029432,nv,5,5,3,False
ISIC_0032403,nv,5,5,3,False
ISIC_0031679,nv,5,5,3,False
ISIC_0029230,bcc,1,5,3,False
ISIC_0031513,bcc,1,5,3,False
ISIC_0026251,nv,5,5,3,False
ISIC_0029072,nv,5,5,3,False
ISIC_0031670,mel,4,4,3,False
ISIC_0024600,nv,5,5,3,False
ISIC_0033496,mel,4,4,3,False
ISIC_0032927,mel,4,5,3,True
ISIC_0024865,mel,4,4,3,False
ISIC_0029810,bkl,2,2,3,False
ISIC_0026437,nv,5,4,3,True
ISIC_0029798,nv,5,5,3,False
ISIC_0026939,nv,5,5,3,False
ISIC_0033895,nv,5,5,3,False
ISIC_0027912,nv,5,5,3,False
ISIC_0029011,nv,5,5,3,False
ISIC_0027357,nv,5,5,3,False
ISIC_0027706,bkl,2,5,3,True
ISIC_0028997,nv,5,5,3,False
ISIC_0026309,nv,5,5,3,False
ISIC_0029033,mel,4,5,3,True
ISIC_0032374,nv,5,2,3,True
ISIC_0025855,nv,5,5,3,False
ISIC_0026624,nv,5,5,3,False
ISIC_0026336,vasc,6,6,3,False
ISIC_0033370,nv,5,5,3,False
ISIC_0033521,nv,5,5,3,False
ISIC_0032623,nv,5,5,3,False
ISIC_0027631,bcc,1,1,3,False
ISIC_0034107,mel,4,4,3,False
ISIC_0033368,mel,4,4,3,False
ISIC_0025806,nv,5,5,3,False
ISIC_0028888,nv,5,5,3,False
ISIC_0027292,nv,5,5,3,False
ISIC_0032474,nv,5,5,3,False
ISIC_0032035,nv,5,5,3,False
ISIC_0032642,df,3,4,3,False
ISIC_0033790,df,3,4,3,False
ISIC_0033675,df,3,4,3,False
ISIC_0029880,bkl,2,2,3,False
ISIC_0032008,nv,5,2,3,True
ISIC_0031317,nv,5,2,3,True
ISIC_0026317,nv,5,5,3,False
ISIC_0030451,nv,5,4,3,True
ISIC_0030674,nv,5,5,3,False
ISIC_0026783,bkl,2,5,3,True
ISIC_0029496,nv,5,5,3,False
ISIC_0030000,nv,5,5,3,False
ISIC_0031240,nv,5,5,3,False
ISIC_0032005,nv,5,5,3,False
ISIC_0029424,nv,5,5,3,False
ISIC_0025990,nv,5,4,3,True
ISIC_0025778,nv,5,2,3,True
ISIC_0029751,nv,5,5,3,False
ISIC_0031631,nv,5,2,3,True
ISIC_0027150,nv,5,2,3,True
ISIC_0031798,nv,5,5,3,False
ISIC_0026495,nv,5,5,3,False
ISIC_0025220,nv,5,5,3,False
ISIC_0032052,nv,5,5,3,False
ISIC_0027044,df,3,2,3,False
ISIC_0025570,nv,5,5,3,False
ISIC_0029376,nv,5,5,3,False
ISIC_0026790,bkl,2,5,3,True
ISIC_0027354,bkl,2,2,3,False
ISIC_0033752,mel,4,2,3,True
ISIC_0033424,mel,4,0,3,True
ISIC_0029321,nv,5,5,3,False
ISIC_0032707,nv,5,5,3,False
ISIC_0034311,nv,5,5,3,False
ISIC_0027669,mel,4,4,3,False
ISIC_0031795,mel,4,4,3,False
ISIC_0025883,bkl,2,2,3,False
ISIC_0031856,nv,5,5,3,False
ISIC_0027988,nv,5,5,3,False
ISIC_0031442,bcc,1,1,3,False
ISIC_0026766,bcc,1,5,3,False
ISIC_0025756,nv,5,5,3,False
ISIC_0027677,bcc,1,1,3,False
ISIC_0024833,bcc,1,1,3,False
ISIC_0027546,bcc,1,1,3,False
ISIC_0029647,bcc,1,1,3,False
ISIC_0027858,bcc,1,2,3,False
ISIC_0032250,nv,5,5,3,False
ISIC_0025850,nv,5,5,3,False
ISIC_0029187,nv,5,5,3,False
ISIC_0032320,nv,5,5,3,False
ISIC_0028936,nv,5,5,3,False
ISIC_0030482,nv,5,5,3,False
ISIC_0030967,nv,5,4,3,True
ISIC_0032443,nv,5,5,3,False
ISIC_0032152,mel,4,4,3,False
ISIC_0025766,mel,4,5,3,True
ISIC_0030820,nv,5,5,3,False
ISIC_0030857,nv,5,5,3,False
ISIC_0032079,mel,4,1,3,True
ISIC_0024943,bkl,2,2,3,False
ISIC_0026968,bcc,1,1,3,False
ISIC_0033105,nv,5,5,3,False
ISIC_0032572,nv,5,5,3,False
ISIC_0026266,mel,4,4,3,False
ISIC_0025127,mel,4,2,3,True
ISIC_0027539,nv,5,5,3,False
ISIC_0028112,nv,5,5,3,False
ISIC_0030721,bkl,2,2,3,False
ISIC_0029301,bkl,2,2,3,False
ISIC_0026637,bkl,2,5,3,True
ISIC_0033863,mel,4,4,3,False
ISIC_0034180,mel,4,4,3,False
ISIC_0033267,mel,4,4,3,False
ISIC_0024308,nv,5,5,3,False
ISIC_0025714,nv,5,5,3,False
ISIC_0034010,nv,5,4,3,True
ISIC_0032819,nv,5,4,3,True
ISIC_0026644,bkl,2,2,3,False
ISIC_0029620,nv,5,5,3,False
ISIC_0028833,nv,5,5,3,False
ISIC_0024751,nv,5,5,3,False
ISIC_0028558,akiec,0,0,3,False
ISIC_0029781,akiec,0,0,3,False
ISIC_0028707,bkl,2,0,3,True
ISIC_0028087,mel,4,5,3,True
ISIC_0026664,mel,4,5,3,True
ISIC_0030259,nv,5,5,3,False
ISIC_0029645,nv,5,5,3,False
ISIC_0028349,nv,5,5,3,False
ISIC_0031027,nv,5,5,3,False
ISIC_0030703,nv,5,5,3,False
ISIC_0031279,nv,5,5,3,False
ISIC_0032966,nv,5,5,3,False
ISIC_0033864,nv,5,5,3,False
ISIC_0033230,vasc,6,1,3,False
ISIC_0033762,vasc,6,1,3,False
ISIC_0034214,vasc,6,1,3,False
ISIC_0030151,nv,5,2,3,True
ISIC_0031809,nv,5,5,3,False
ISIC_0027422,nv,5,5,3,False
ISIC_0029941,nv,5,5,3,False
ISIC_0028177,nv,5,5,3,False
ISIC_0030476,nv,5,5,3,False
ISIC_0033482,bkl,2,2,3,False
ISIC_0033201,bkl,2,2,3,False
ISIC_0027505,nv,5,5,3,False
ISIC_0032045,bkl,2,0,3,True
ISIC_0024381,bkl,2,0,3,True
ISIC_0025182,akiec,0,3,3,False
ISIC_0026193,nv,5,5,3,False
ISIC_0032649,nv,5,5,3,False
ISIC_0034109,nv,5,5,3,False
ISIC_0033439,nv,5,5,3,False
ISIC_0027587,nv,5,5,3,False
ISIC_0033539,bkl,2,4,3,True
ISIC_0032781,nv,5,5,3,False
ISIC_0033237,nv,5,5,3,False
ISIC_0032747,nv,5,5,3,False
ISIC_0029384,bkl,2,2,3,False
ISIC_0030953,akiec,0,0,3,False
ISIC_0025196,akiec,0,0,3,False
ISIC_0025991,nv,5,5,3,False
ISIC_0032100,nv,5,5,3,False
ISIC_0031581,nv,5,5,3,False
ISIC_0032209,nv,5,5,3,False
ISIC_0028194,nv,5,5,3,False
ISIC_0027301,nv,5,5,3,False
ISIC_0026931,nv,5,5,3,False
ISIC_0027121,nv,5,5,3,False
ISIC_0031720,nv,5,5,3,False
ISIC_0026382,nv,5,5,3,False
ISIC_0027971,nv,5,5,3,False
ISIC_0033096,nv,5,5,3,False
ISIC_0033972,nv,5,1,3,True
ISIC_0033367,nv,5,2,3,True
ISIC_0032439,bcc,1,0,3,False
ISIC_0030682,nv,5,5,3,False
ISIC_0031066,nv,5,5,3,False
ISIC_0025358,akiec,0,0,3,False
ISIC_0032706,nv,5,5,3,False
ISIC_0031786,nv,5,5,3,False
ISIC_0031376,bkl,2,2,3,False
ISIC_0026782,nv,5,5,3,False
ISIC_0025626,nv,5,5,3,False
ISIC_0032157,nv,5,5,3,False
ISIC_0032166,nv,5,5,3,False
ISIC_0030254,nv,5,5,3,False
ISIC_0031802,nv,5,5,3,False
ISIC_0031280,nv,5,5,3,False
ISIC_0025015,nv,5,5,3,False
ISIC_0030051,nv,5,5,3,False
ISIC_0029460,akiec,0,0,3,False
ISIC_0026650,akiec,0,0,3,False
ISIC_0028894,nv,5,4,3,True
ISIC_0028593,bkl,2,2,3,False
ISIC_0029243,bkl,2,2,3,False
ISIC_0031937,bkl,2,2,3,False
ISIC_0025719,bkl,2,0,3,True
ISIC_0025817,nv,5,5,3,False
ISIC_0026472,nv,5,5,3,False
ISIC_0031187,nv,5,5,3,False
ISIC_0027404,nv,5,5,3,False
ISIC_0024873,nv,5,5,3,False
ISIC_0030910,mel,4,0,3,True
ISIC_0029238,mel,4,4,3,False
ISIC_0032413,nv,5,5,3,False
ISIC_0029373,nv,5,5,3,False
ISIC_0024831,nv,5,5,3,False
ISIC_0026869,nv,5,5,3,False
ISIC_0028098,nv,5,5,3,False
ISIC_0029358,bkl,2,0,3,True
ISIC_0031766,bkl,2,4,3,True
ISIC_0030258,bkl,2,4,3,True
ISIC_0030715,nv,5,5,3,False
ISIC_0031202,nv,5,5,3,False
ISIC_0030892,nv,5,5,3,False
ISIC_0026920,nv,5,5,3,False
ISIC_0031306,nv,5,5,3,False
ISIC_0031696,nv,5,5,3,False
ISIC_0033936,nv,5,5,3,False
ISIC_0034121,nv,5,5,3,False
ISIC_0034232,nv,5,5,3,False
ISIC_0025676,nv,5,5,3,False
ISIC_0025384,nv,5,5,3,False
ISIC_0025109,nv,5,5,3,False
ISIC_0027368,nv,5,5,3,False
ISIC_0031605,nv,5,5,3,False
ISIC_0033859,nv,5,5,3,False
ISIC_0031546,nv,5,5,3,False
ISIC_0030930,nv,5,5,3,False
ISIC_0028488,nv,5,5,3,False
ISIC_0028316,bcc,1,1,3,False
ISIC_0031382,nv,5,5,3,False
ISIC_0027122,nv,5,5,3,False
ISIC_0031340,nv,5,5,3,False
ISIC_0024793,nv,5,5,3,False
ISIC_0029331,bcc,1,0,3,False
ISIC_0033228,nv,5,5,3,False
ISIC_0026260,nv,5,5,3,False
ISIC_0030906,nv,5,5,3,False
ISIC_0025050,nv,5,5,3,False
ISIC_0031724,nv,5,5,3,False
ISIC_0028535,nv,5,5,3,False
ISIC_0030222,nv,5,5,3,False
ISIC_0027328,mel,4,1,3,True
ISIC_0029933,mel,4,4,3,False
ISIC_0032349,akiec,0,1,3,False
ISIC_0029359,nv,5,2,3,True
ISIC_0029746,nv,5,2,3,True
ISIC_0031519,bkl,2,2,3,False
ISIC_0025113,bkl,2,5,3,True
ISIC_0029481,nv,5,5,3,False
ISIC_0027730,nv,5,5,3,False
ISIC_0031370,nv,5,5,3,False
ISIC_0028026,mel,4,4,3,False
ISIC_0027904,mel,4,2,3,True
ISIC_0029733,nv,5,5,3,False
ISIC_0030923,nv,5,5,3,False
ISIC_0031797,nv,5,5,3,False
ISIC_0026542,nv,5,5,3,False
ISIC_0031215,vasc,6,6,3,False
ISIC_0025288,nv,5,5,3,False
ISIC_0025330,bkl,2,2,3,False
ISIC_0028827,nv,5,5,3,False
ISIC_0027085,nv,5,5,3,False
ISIC_0026147,nv,5,5,3,False
ISIC_0032211,nv,5,5,3,False
ISIC_0026917,nv,5,5,3,False
ISIC_0027869,nv,5,5,3,False
ISIC_0032497,bcc,1,1,3,False
ISIC_0027459,nv,5,5,3,False
ISIC_0029993,nv,5,5,3,False
ISIC_0026741,nv,5,5,3,False
ISIC_0025053,nv,5,5,3,False
ISIC_0029508,nv,5,5,3,False
ISIC_0033211,nv,5,2,3,True
ISIC_0033617,nv,5,4,3,True
ISIC_0033889,nv,5,2,3,True
ISIC_0027643,nv,5,5,3,False
ISIC_0026130,nv,5,5,3,False
ISIC_0031404,nv,5,1,3,True
ISIC_0026569,nv,5,1,3,True
ISIC_0027467,nv,5,5,3,False
ISIC_0032130,nv,5,5,3,False
ISIC_0027608,bkl,2,2,3,False
ISIC_0025312,bkl,2,2,3,False
ISIC_0027464,nv,5,5,3,False
ISIC_0030593,nv,5,5,3,False
ISIC_0030458,bkl,2,5,3,True
ISIC_0031459,bkl,2,4,3,True
ISIC_0033312,mel,4,4,3,False
ISIC_0033687,mel,4,4,3,False
ISIC_0034085,mel,4,5,3,True
ISIC_0026020,nv,5,5,3,False
ISIC_0026907,bkl,2,2,3,False
ISIC_0024895,nv,5,5,3,False
ISIC_0032010,nv,5,5,3,False
ISIC_0024321,nv,5,5,3,False
ISIC_0030973,nv,5,5,3,False
ISIC_0030444,nv,5,5,3,False
ISIC_0026301,bkl,2,4,3,True
ISIC_0030227,bkl,2,4,3,True
ISIC_0026090,bcc,1,2,3,False
ISIC_0025285,bcc,1,2,3,False
ISIC_0027886,nv,5,5,3,False
ISIC_0031849,nv,5,5,3,False
ISIC_0029631,nv,5,5,3,False
ISIC_0033243,nv,5,5,3,False
ISIC_0032648,nv,5,5,3,False
ISIC_0032620,nv,5,5,3,False
ISIC_0030420,nv,5,5,3,False
ISIC_0026551,nv,5,4,3,True
ISIC_0024596,nv,5,5,3,False
ISIC_0030966,nv,5,4,3,True
ISIC_0028677,bcc,1,5,3,False
ISIC_0027039,nv,5,5,3,False
ISIC_0031602,nv,5,2,3,True
ISIC_0024683,nv,5,2,3,True
ISIC_0025956,nv,5,5,3,False
ISIC_0027607,nv,5,4,3,True
ISIC_0024605,nv,5,5,3,False
ISIC_0030136,nv,5,5,3,False
ISIC_0027405,nv,5,5,3,False
ISIC_0027430,nv,5,5,3,False
ISIC_0025248,mel,4,4,3,False
ISIC_0027851,bcc,1,1,3,False
ISIC_0028858,bcc,1,3,3,False
ISIC_0032325,bkl,2,5,3,True
ISIC_0029989,nv,5,5,3,False
ISIC_0030237,nv,5,5,3,False
ISIC_0030364,nv,5,5,3,False
ISIC_0026621,nv,5,5,3,False
ISIC_0026471,df,3,3,3,False
ISIC_0026055,nv,5,5,3,False
ISIC_0027645,nv,5,5,3,False
ISIC_0032394,nv,5,5,3,False
ISIC_0026240,nv,5,5,3,False
ISIC_0030213,nv,5,5,3,False
ISIC_0024758,bkl,2,2,3,False
ISIC_0027355,bkl,2,2,3,False
ISIC_0032632,nv,5,5,3,False
ISIC_0027737,bkl,2,2,3,False
ISIC_0024774,bkl,2,2,3,False
ISIC_0027433,bcc,1,4,3,False
ISIC_0029515,bcc,1,0,3,False
ISIC_0027200,nv,5,5,3,False
ISIC_0027412,nv,5,5,3,False
ISIC_0026901,nv,5,5,3,False
ISIC_0025812,nv,5,5,3,False
ISIC_0029357,nv,5,5,3,False
ISIC_0030190,nv,5,5,3,False
ISIC_0026340,nv,5,5,3,False
ISIC_0027565,nv,5,5,3,False
ISIC_0027115,nv,5,5,3,False
ISIC_0024764,nv,5,5,3,False
ISIC_0024710,akiec,0,1,3,False
ISIC_0030785,akiec,0,1,3,False
ISIC_0032173,akiec,0,1,3,False
ISIC_0030912,nv,5,5,3,False
ISIC_0025585,nv,5,5,3,False
ISIC_0030754,mel,4,5,3,True
ISIC_0029812,nv,5,5,3,False
ISIC_0026347,nv,5,5,3,False
ISIC_0024812,nv,5,5,3,False
ISIC_0028493,mel,4,5,3,True
ISIC_0031746,mel,4,4,3,False
ISIC_0024749,nv,5,5,3,False
ISIC_0028875,nv,5,5,3,False
ISIC_0024469,nv,5,5,3,False
ISIC_0028244,nv,5,5,3,False
ISIC_0034034,mel,4,4,3,False
ISIC_0033217,mel,4,4,3,False
ISIC_0030584,nv,5,5,3,False
ISIC_0026585,nv,5,5,3,False
ISIC_0032256,nv,5,5,3,False
ISIC_0028423,nv,5,5,3,False
ISIC_0025621,nv,5,5,3,False
ISIC_0031411,nv,5,2,3,True
ISIC_0026905,akiec,0,0,3,False
ISIC_0027615,akiec,0,3,3,False
ISIC_0028990,akiec,0,2,3,False
ISIC_0030079,nv,5,4,3,True
ISIC_0024908,nv,5,4,3,True
ISIC_0032370,nv,5,5,3,False
ISIC_0028025,nv,5,5,3,False
ISIC_0025879,bkl,2,2,3,False
ISIC_0033080,nv,5,5,3,False
ISIC_0034129,nv,5,5,3,False
ISIC_0033305,bkl,2,2,3,False
ISIC_0026294,nv,5,5,3,False
ISIC_0026227,nv,5,5,3,False
ISIC_0025104,nv,5,5,3,False
ISIC_0024662,vasc,6,5,3,False
ISIC_0028011,nv,5,5,3,False
ISIC_0030678,nv,5,5,3,False
ISIC_0027300,mel,4,4,3,False
ISIC_0028512,mel,4,4,3,False
ISIC_0024310,mel,4,4,3,False
ISIC_0027813,nv,5,5,3,False
ISIC_0027261,mel,4,4,3,False
ISIC_0028505,mel,4,4,3,False
ISIC_0028068,nv,5,5,3,False
ISIC_0029262,nv,5,5,3,False
ISIC_0026742,nv,5,5,3,False
ISIC_0028665,nv,5,5,3,False
ISIC_0027553,nv,5,5,3,False
ISIC_0027055,nv,5,5,3,False
ISIC_0029090,nv,5,5,3,False
ISIC_0031635,nv,5,5,3,False
ISIC_0029303,nv,5,5,3,False
ISIC_0028420,nv,5,5,3,False
ISIC_0025673,nv,5,5,3,False
ISIC_0025042,nv,5,5,3,False
ISIC_0031535,nv,5,5,3,False
ISIC_0029910,nv,5,5,3,False
ISIC_0032481,bkl,2,2,3,False
ISIC_0029183,nv,5,5,3,False
ISIC_0028281,nv,5,5,3,False
ISIC_0024470,akiec,0,0,3,False
ISIC_0028517,akiec,0,0,3,False
ISIC_0030250,nv,5,5,3,False
ISIC_0030794,akiec,0,0,3,False
ISIC_0026740,nv,5,5,3,False
ISIC_0033397,bkl,2,2,3,False
ISIC_0033414,bkl,2,2,3,False
ISIC_0034113,bkl,2,2,3,False
ISIC_0031452,nv,5,5,3,False
ISIC_0032646,nv,5,4,3,True
ISIC_0033627,nv,5,4,3,True
ISIC_0033663,mel,4,5,3,True
ISIC_0034284,mel,4,4,3,False
ISIC_0032517,mel,4,2,3,True
ISIC_0029351,nv,5,5,3,False
ISIC_0031266,bcc,1,0,3,False
ISIC_0024521,nv,5,5,3,False
ISIC_0028586,nv,5,5,3,False
ISIC_0030182,nv,5,5,3,False
ISIC_0027158,nv,5,5,3,False
ISIC_0032802,nv,5,5,3,False
ISIC_0032551,nv,5,5,3,False
ISIC_0033544,nv,5,5,3,False
ISIC_0026257,nv,5,5,3,False
ISIC_0029123,bcc,1,0,3,False
ISIC_0029372,bcc,1,1,3,False
ISIC_0030782,bcc,1,1,3,False
ISIC_0027861,nv,5,0,3,True
ISIC_0032373,bkl,2,2,3,False
ISIC_0028626,nv,5,5,3,False
ISIC_0029634,akiec,0,0,3,False
ISIC_0025569,nv,5,5,3,False
ISIC_0025227,nv,5,0,3,True
ISIC_0030268,nv,5,5,3,False
ISIC_0025153,mel,4,4,3,False
ISIC_0031598,mel,4,4,3,False
ISIC_0028246,nv,5,5,3,False
ISIC_0026943,nv,5,5,3,False
ISIC_0031654,nv,5,5,3,False
ISIC_0025449,nv,5,5,3,False
ISIC_0033443,nv,5,5,3,False
ISIC_0032593,nv,5,5,3,False
ISIC_0033935,nv,5,5,3,False
ISIC_0028684,nv,5,5,3,False
ISIC_0025372,nv,5,5,3,False
ISIC_0031758,nv,5,5,3,False
ISIC_0029807,nv,5,5,3,False
ISIC_0026649,nv,5,5,3,False
ISIC_0026712,nv,5,5,3,False
ISIC_0031086,nv,5,5,3,False
ISIC_0033375,nv,5,5,3,False
ISIC_0031961,bkl,2,2,3,False
ISIC_0032445,bkl,2,1,3,True
ISIC_0026613,nv,5,5,3,False
ISIC_0031199,nv,5,5,3,False
ISIC_0024913,akiec,0,1,3,False
ISIC_0025011,nv,5,5,3,False
ISIC_0028699,nv,5,5,3,False
ISIC_0028394,nv,5,5,3,False
ISIC_0029399,nv,5,5,3,False
ISIC_0030477,nv,5,5,3,False
ISIC_0029813,nv,5,5,3,False
ISIC_0028030,nv,5,5,3,False
ISIC_0025943,nv,5,5,3,False
ISIC_0025568,nv,5,5,3,False
ISIC_0026887,nv,5,5,3,False
ISIC_0028713,nv,5,5,3,False
ISIC_0029990,nv,5,5,3,False
ISIC_0027768,nv,5,5,3,False
ISIC_0027410,nv,5,2,3,True
ISIC_0030971,nv,5,5,3,False
ISIC_0033632,nv,5,4,3,True
ISIC_0034025,nv,5,5,3,False
ISIC_0033182,nv,5,4,3,True
ISIC_0031846,nv,5,5,3,False
ISIC_0032485,nv,5,5,3,False
ISIC_0024307,nv,5,5,3,False
ISIC_0029191,nv,5,5,3,False
ISIC_0027789,nv,5,5,3,False
ISIC_0028761,nv,5,5,3,False
ISIC_0032391,nv,5,5,3,False
ISIC_0027667,nv,5,5,3,False
ISIC_0029497,nv,5,5,3,False
ISIC_0027793,mel,4,5,3,True
ISIC_0031021,nv,5,5,3,False
ISIC_0032822,nv,5,4,3,True
ISIC_0033283,nv,5,4,3,True
ISIC_0033359,nv,5,4,3,True
ISIC_0033024,mel,4,5,3,True
ISIC_0034134,mel,4,1,3,True
ISIC_0029690,nv,5,5,3,False
ISIC_0030702,nv,5,5,3,False
ISIC_0032004,nv,5,5,3,False
ISIC_0032501,nv,5,5,3,False
ISIC_0032604,mel,4,4,3,False
ISIC_0033428,mel,4,4,3,False
ISIC_0026461,nv,5,5,3,False
ISIC_0028797,bkl,2,5,3,True
ISIC_0024983,nv,5,5,3,False
ISIC_0031214,nv,5,5,3,False
ISIC_0025863,nv,5,5,3,False
ISIC_0024387,nv,5,5,3,False
ISIC_0029651,mel,4,4,3,False
ISIC_0032044,mel,4,4,3,False
ISIC_0025090,nv,5,5,3,False
ISIC_0027767,akiec,0,1,3,False
ISIC_0026396,nv,5,5,3,False
ISIC_0025606,vasc,6,6,3,False
ISIC_0027611,nv,5,5,3,False
ISIC_0031848,nv,5,1,3,True
ISIC_0033374,nv,5,5,3,False
ISIC_0032053,nv,5,5,3,False
ISIC_0025482,nv,5,5,3,False
ISIC_0028142,nv,5,5,3,False
ISIC_0031121,nv,5,5,3,False
ISIC_0032034,nv,5,5,3,False
ISIC_0029401,nv,5,5,3,False
ISIC_0032433,mel,4,5,3,True
ISIC_0027480,mel,4,5,3,True
ISIC_0031825,bkl,2,0,3,True
ISIC_0030677,bkl,2,0,3,True
ISIC_0028148,mel,4,5,3,True
ISIC_0030756,mel,4,4,3,False
ISIC_0031151,nv,5,5,3,False
ISIC_0032390,nv,5,5,3,False
ISIC_0027242,nv,5,5,3,False
ISIC_0025338,nv,5,5,3,False
ISIC_0029211,nv,5,5,3,False
ISIC_0030661,bkl,2,5,3,True
ISIC_0027053,bkl,2,4,3,True
ISIC_0028560,bkl,2,5,3,True
ISIC_0031650,bkl,2,5,3,True
ISIC_0032271,bkl,2,2,3,False
ISIC_0026732,nv,5,5,3,False
ISIC_0026466,akiec,0,0,3,False
ISIC_0029403,nv,5,5,3,False
ISIC_0031082,nv,5,5,3,False
ISIC_0025029,akiec,0,2,3,False
ISIC_0026388,akiec,0,2,3,False
ISIC_0024546,mel,4,2,4,True
ISIC_0026009,mel,4,5,4,True
ISIC_0030689,mel,4,0,4,True
ISIC_0031076,nv,5,5,4,False
ISIC_0032419,nv,5,5,4,False
ISIC_0024624,mel,4,2,4,True
ISIC_0030641,nv,5,5,4,False
ISIC_0027664,nv,5,5,4,False
ISIC_0029754,nv,5,5,4,False
ISIC_0031818,nv,5,5,4,False
ISIC_0025313,mel,4,5,4,True
ISIC_0024810,nv,5,5,4,False
ISIC_0029439,vasc,6,6,4,False
ISIC_0024792,mel,4,2,4,True
ISIC_0030898,mel,4,2,4,True
ISIC_0026570,nv,5,5,4,False
ISIC_0025686,nv,5,5,4,False
ISIC_0027399,nv,5,5,4,False
ISIC_0027195,nv,5,5,4,False
ISIC_0031469,nv,5,5,4,False
ISIC_0026415,nv,5,5,4,False
ISIC_0030012,nv,5,5,4,False
ISIC_0027473,bcc,1,1,4,False
ISIC_0025362,bcc,1,1,4,False
ISIC_0027093,bcc,1,1,4,False
ISIC_0031910,nv,5,5,4,False
ISIC_0031174,nv,5,5,4,False
ISIC_0024951,mel,4,4,4,False
ISIC_0030106,mel,4,4,4,False
ISIC_0027936,nv,5,5,4,False
ISIC_0025071,nv,5,5,4,False
ISIC_0025408,nv,5,5,4,False
ISIC_0024370,vasc,6,6,4,False
ISIC_0027873,nv,5,5,4,False
ISIC_0027662,nv,5,5,4,False
ISIC_0026862,nv,5,5,4,False
ISIC_0029758,nv,5,5,4,False
ISIC_0027366,nv,5,5,4,False
ISIC_0025583,bkl,2,2,4,False
ISIC_0025580,nv,5,5,4,False
ISIC_0025818,bcc,1,1,4,False
ISIC_0030746,bcc,1,1,4,False
ISIC_0028122,bcc,1,1,4,False
ISIC_0027675,bcc,1,1,4,False
ISIC_0025826,bcc,1,1,4,False
ISIC_0032329,akiec,0,0,4,False
ISIC_0026138,akiec,0,0,4,False
ISIC_0025240,nv,5,5,4,False
ISIC_0026933,nv,5,5,4,False
ISIC_0025623,bkl,2,5,4,True
ISIC_0031465,bkl,2,2,4,False
ISIC_0024427,nv,5,5,4,False
ISIC_0032347,nv,5,5,4,False
ISIC_0028712,nv,5,5,4,False
ISIC_0033631,bkl,2,2,4,False
ISIC_0033383,nv,5,5,4,False
ISIC_0034164,nv,5,5,4,False
ISIC_0031646,nv,5,2,4,True
ISIC_0031385,nv,5,5,4,False
ISIC_0026956,nv,5,1,4,True
ISIC_0031806,nv,5,1,4,True
ISIC_0025253,nv,5,5,4,False
ISIC_0027961,nv,5,5,4,False
ISIC_0028139,nv,5,5,4,False
ISIC_0026166,nv,5,2,4,True
ISIC_0028062,nv,5,5,4,False
ISIC_0026178,akiec,0,0,4,False
ISIC_0032014,akiec,0,4,4,False
ISIC_0027184,akiec,0,4,4,False
ISIC_0029462,akiec,0,1,4,False
ISIC_0027493,nv,5,5,4,False
ISIC_0029407,nv,5,5,4,False
ISIC_0033866,akiec,0,2,4,False
ISIC_0032854,akiec,0,2,4,False
ISIC_0026880,nv,5,5,4,False
ISIC_0025627,bkl,2,5,4,True
ISIC_0031580,bkl,2,5,4,True
ISIC_0028389,bkl,2,4,4,True
ISIC_0030056,bkl,2,2,4,False
ISIC_0029901,nv,5,5,4,False
ISIC_0032757,bkl,2,5,4,True
ISIC_0032508,bkl,2,5,4,True
ISIC_0034201,bkl,2,5,4,True
ISIC_0024314,nv,5,4,4,True
ISIC_0026722,nv,5,1,4,True
ISIC_0025715,nv,5,5,4,False
ISIC_0026136,nv,5,5,4,False
ISIC_0032587,nv,5,5,4,False
ISIC_0033824,nv,5,5,4,False
ISIC_0033830,nv,5,5,4,False
ISIC_0032647,nv,5,5,4,False
ISIC_0025929,nv,5,5,4,False
ISIC_0033412,nv,5,5,4,False
ISIC_0033514,nv,5,5,4,False
ISIC_0033876,nv,5,5,4,False
ISIC_0032383,nv,5,5,4,False
ISIC_0026075,nv,5,5,4,False
ISIC_0026521,nv,5,5,4,False
ISIC_0029498,nv,5,5,4,False
ISIC_0026333,nv,5,5,4,False
ISIC_0033742,nv,5,5,4,False
ISIC_0034127,nv,5,5,4,False
ISIC_0033111,nv,5,5,4,False
ISIC_0028408,nv,5,5,4,False
ISIC_0032442,nv,5,5,4,False
ISIC_0030996,nv,5,5,4,False
ISIC_0026872,akiec,0,0,4,False
ISIC_0025435,nv,5,5,4,False
ISIC_0027710,bkl,2,2,4,False
ISIC_0027266,nv,5,5,4,False
ISIC_0025271,nv,5,5,4,False
ISIC_0027867,nv,5,5,4,False
ISIC_0026204,nv,5,5,4,False
ISIC_0032426,nv,5,5,4,False
ISIC_0030399,nv,5,5,4,False
ISIC_0024504,bcc,1,1,4,False
ISIC_0025600,bcc,1,1,4,False
ISIC_0031541,nv,5,5,4,False
ISIC_0027596,nv,5,5,4,False
ISIC_0028960,nv,5,5,4,False
ISIC_0024819,nv,5,5,4,False
ISIC_0027181,nv,5,5,4,False
ISIC_0030635,nv,5,5,4,False
ISIC_0024713,nv,5,5,4,False
ISIC_0028576,nv,5,5,4,False
ISIC_0029790,nv,5,5,4,False
ISIC_0029674,bkl,2,2,4,False
ISIC_0028607,bkl,2,5,4,True
ISIC_0027485,nv,5,5,4,False
ISIC_0032762,nv,5,5,4,False
ISIC_0032594,nv,5,5,4,False
ISIC_0033147,nv,5,5,4,False
ISIC_0026888,nv,5,5,4,False
ISIC_0028340,nv,5,5,4,False
ISIC_0031328,nv,5,5,4,False
ISIC_0030796,nv,5,5,4,False
ISIC_0032160,nv,5,5,4,False
ISIC_0024828,nv,5,5,4,False
ISIC_0033819,mel,4,4,4,False
ISIC_0032544,mel,4,4,4,False
ISIC_0032844,mel,4,2,4,True
ISIC_0028838,nv,5,5,4,False
ISIC_0026092,vasc,6,6,4,False
ISIC_0024904,vasc,6,6,4,False
ISIC_0032206,akiec,0,4,4,False
ISIC_0034105,nv,5,5,4,False
ISIC_0033138,nv,5,5,4,False
ISIC_0032728,nv,5,5,4,False
ISIC_0026229,mel,4,5,4,True
ISIC_0033777,nv,5,5,4,False
ISIC_0033078,nv,5,5,4,False
ISIC_0034055,nv,5,5,4,False
ISIC_0030769,nv,5,5,4,False
ISIC_0032412,nv,5,5,4,False
ISIC_0027295,bkl,2,2,4,False
ISIC_0026477,bkl,2,5,4,True
ISIC_0034086,nv,5,2,4,True
ISIC_0032577,nv,5,4,4,True
ISIC_0028225,mel,4,5,4,True
ISIC_0032425,mel,4,5,4,True
ISIC_0024351,mel,4,5,4,True
ISIC_0026299,nv,5,5,4,False
ISIC_0028090,nv,5,5,4,False
ISIC_0026211,nv,5,5,4,False
ISIC_0027919,nv,5,5,4,False
ISIC_0025034,nv,5,5,4,False
ISIC_0030899,nv,5,5,4,False
ISIC_0031757,nv,5,5,4,False
ISIC_0027128,nv,5,5,4,False
ISIC_0026568,nv,5,5,4,False
ISIC_0026678,nv,5,5,4,False
ISIC_0024517,akiec,0,0,4,False
ISIC_0030621,nv,5,5,4,False
ISIC_0032868,nv,5,5,4,False
ISIC_0031685,nv,5,5,4,False
ISIC_0026629,df,3,5,4,False
ISIC_0027598,df,3,5,4,False
ISIC_0030207,bkl,2,2,4,False
ISIC_0034235,bkl,2,2,4,False
ISIC_0034007,bkl,2,2,4,False
ISIC_0034315,bkl,2,2,4,False
ISIC_0032967,bkl,2,5,4,True
ISIC_0032392,nv,5,5,4,False
ISIC_0026295,nv,5,5,4,False
ISIC_0030019,nv,5,5,4,False
ISIC_0029397,mel,4,5,4,True
ISIC_0032264,nv,5,5,4,False
ISIC_0031539,bcc,1,1,4,False
ISIC_0032021,nv,5,5,4,False
ISIC_0030060,mel,4,5,4,True
ISIC_0030211,mel,4,5,4,True
ISIC_0033609,bcc,1,5,4,False
ISIC_0032777,bcc,1,1,4,False
ISIC_0033019,bcc,1,1,4,False
ISIC_0033173,nv,5,5,4,False
ISIC_0027186,nv,5,5,4,False
ISIC_0027780,bkl,2,2,4,False
ISIC_0026481,bkl,2,2,4,False
ISIC_0032534,bkl,2,2,4,False
ISIC_0033785,bkl,2,2,4,False
ISIC_0033184,bkl,2,1,4,True
ISIC_0027171,mel,4,5,4,True
ISIC_0026207,mel,4,5,4,True
ISIC_0024417,nv,5,5,4,False
ISIC_0028219,mel,4,5,4,True
ISIC_0026314,mel,4,5,4,True
ISIC_0030468,nv,5,5,4,False
ISIC_0027777,nv,5,5,4,False
ISIC_0028386,bkl,2,5,4,True
ISIC_0025128,mel,4,5,4,True
ISIC_0025550,mel,4,5,4,True
ISIC_0032603,mel,4,5,4,True
ISIC_0033871,mel,4,5,4,True
ISIC_0032955,mel,4,5,4,True
ISIC_0027782,nv,5,5,4,False
ISIC_0028550,bkl,2,4,4,True
ISIC_0024477,bkl,2,2,4,False
ISIC_0026493,bkl,2,2,4,False
ISIC_0030921,nv,5,5,4,False
ISIC_0033176,nv,5,5,4,False
ISIC_0026250,nv,5,5,4,False
ISIC_0025058,nv,5,5,4,False
ISIC_0030308,nv,5,5,4,False
ISIC_0030537,nv,5,5,4,False
ISIC_0029274,nv,5,5,4,False
ISIC_0024754,nv,5,5,4,False
ISIC_0029221,nv,5,5,4,False
ISIC_0027578,nv,5,5,4,False
ISIC_0030474,nv,5,5,4,False
ISIC_0031730,nv,5,5,4,False
ISIC_0027223,nv,5,5,4,False
ISIC_0030732,nv,5,2,4,True
ISIC_0028878,mel,4,4,4,False
ISIC_0032051,bkl,2,2,4,False
ISIC_0024988,nv,5,5,4,False
ISIC_0026978,bcc,1,1,4,False
ISIC_0030066,nv,5,5,4,False
ISIC_0029085,nv,5,5,4,False
ISIC_0025925,nv,5,5,4,False
ISIC_0025045,nv,5,5,4,False
ISIC_0030543,nv,5,5,4,False
ISIC_0029125,nv,5,5,4,False
ISIC_0032386,nv,5,5,4,False
ISIC_0028673,nv,5,5,4,False
ISIC_0032611,bcc,1,1,4,False
ISIC_0033499,bcc,1,2,4,False
ISIC_0025032,bkl,2,5,4,True
ISIC_0032231,nv,5,5,4,False
ISIC_0026936,nv,5,5,4,False
ISIC_0033512,nv,5,5,4,False
ISIC_0032788,nv,5,1,4,True
ISIC_0025651,mel,4,1,4,True
ISIC_0024533,nv,5,5,4,False
ISIC_0024419,nv,5,5,4,False
ISIC_0031943,bcc,1,1,4,False
ISIC_0027865,bcc,1,1,4,False
ISIC_0024780,nv,5,5,4,False
ISIC_0030561,bkl,2,5,4,True
ISIC_0031092,nv,5,5,4,False
ISIC_0030803,akiec,0,1,4,False
ISIC_0025831,akiec,0,1,4,False
ISIC_0028416,nv,5,5,4,False
ISIC_0033329,nv,5,5,4,False
ISIC_0024730,nv,5,5,4,False
ISIC_0030765,nv,5,5,4,False
ISIC_0029966,nv,5,5,4,False
ISIC_0028485,nv,5,5,4,False
ISIC_0030413,nv,5,5,4,False
ISIC_0028701,bkl,2,5,4,True
ISIC_0031770,bkl,2,5,4,True
ISIC_0024689,nv,5,5,4,False
ISIC_0028862,nv,5,5,4,False
ISIC_0029131,nv,5,5,4,False
ISIC_0029985,nv,5,5,4,False
ISIC_0024891,nv,5,1,4,True
ISIC_0027070,nv,5,5,4,False
ISIC_0025595,nv,5,5,4,False
ISIC_0027423,nv,5,5,4,False
ISIC_0030057,nv,5,5,4,False
ISIC_0028737,nv,5,5,4,False
ISIC_0029026,nv,5,5,4,False
ISIC_0028839,nv,5,5,4,False
ISIC_0026684,nv,5,5,4,False
ISIC_0026010,nv,5,5,4,False
ISIC_0028663,nv,5,5,4,False
ISIC_0031364,nv,5,5,4,False
ISIC_0026413,nv,5,5,4,False
ISIC_0030135,nv,5,5,4,False
ISIC_0030941,nv,5,5,4,False
ISIC_0025615,nv,5,5,4,False
ISIC_0031793,nv,5,5,4,False
ISIC_0027114,nv,5,5,4,False
ISIC_0029688,nv,5,5,4,False
ISIC_0031351,bcc,1,1,4,False
ISIC_0024867,vasc,6,6,4,False
ISIC_0027930,akiec,0,5,4,False
ISIC_0026841,nv,5,5,4,False
ISIC_0025945,nv,5,5,4,False
ISIC_0031149,nv,5,5,4,False
ISIC_0024811,nv,5,5,4,False
ISIC_0027159,vasc,6,4,4,False
ISIC_0028188,vasc,6,5,4,False
ISIC_0031005,mel,4,4,4,False
ISIC_0030507,mel,4,5,4,True
ISIC_0032741,bcc,1,1,4,False
ISIC_0033301,bcc,1,1,4,False
ISIC_0029079,nv,5,5,4,False
ISIC_0025571,nv,5,5,4,False
ISIC_0025138,nv,5,5,4,False
ISIC_0030416,nv,5,5,4,False
ISIC_0025111,nv,5,5,4,False
ISIC_0024518,nv,5,5,4,False
ISIC_0033498,mel,4,5,4,True
ISIC_0031784,mel,4,5,4,True
ISIC_0032032,nv,5,5,4,False
ISIC_0028377,nv,5,5,4,False
ISIC_0029975,nv,5,5,4,False
ISIC_0031042,nv,5,5,4,False
ISIC_0026096,nv,5,5,4,False
ISIC_0030876,bkl,2,2,4,False
ISIC_0024982,bkl,2,0,4,True
ISIC_0026769,bkl,2,1,4,True
ISIC_0025661,bkl,2,1,4,True
ISIC_0032119,nv,5,5,4,False
ISIC_0029128,nv,5,5,4,False
ISIC_0026639,nv,5,5,4,False
ISIC_0027167,bkl,2,2,4,False
ISIC_0029772,nv,5,5,4,False
ISIC_0025486,nv,5,5,4,False
ISIC_0026122,nv,5,5,4,False
ISIC_0026024,nv,5,5,4,False
ISIC_0026379,nv,5,5,4,False
ISIC_0024562,akiec,0,5,4,False
ISIC_0030059,nv,5,5,4,False
ISIC_0027954,bkl,2,5,4,True
ISIC_0032113,bkl,2,5,4,True
ISIC_0025562,nv,5,5,4,False
ISIC_0028457,bcc,1,1,4,False
ISIC_0032164,bcc,1,1,4,False
ISIC_0024661,nv,5,5,4,False
ISIC_0025378,bkl,2,2,4,False
ISIC_0030394,bkl,2,2,4,False
ISIC_0027270,bkl,2,2,4,False
ISIC_0031329,bkl,2,2,4,False
ISIC_0026530,bkl,2,2,4,False
ISIC_0024409,bkl,2,2,4,False
ISIC_0033015,nv,5,5,4,False
ISIC_0033928,nv,5,5,4,False
ISIC_0031087,mel,4,4,4,False
ISIC_0027187,mel,4,2,4,True
ISIC_0029922,nv,5,5,4,False
ISIC_0031423,nv,5,5,4,False
ISIC_0032153,nv,5,5,4,False
ISIC_0026444,bkl,2,2,4,False
ISIC_0031788,nv,5,5,4,False
ISIC_0025123,nv,5,5,4,False
ISIC_0028276,nv,5,5,4,False
ISIC_0026929,nv,5,5,4,False
ISIC_0027958,akiec,0,0,4,False
ISIC_0027896,akiec,0,0,4,False
ISIC_0032037,nv,5,5,4,False
ISIC_0025295,nv,5,1,4,True
ISIC_0026739,nv,5,5,4,False
ISIC_0024899,nv,5,5,4,False
ISIC_0034237,nv,5,5,4,False
ISIC_0034032,nv,5,5,4,False
ISIC_0033075,nv,5,5,4,False
ISIC_0033385,nv,5,5,4,False
ISIC_0033471,nv,5,4,4,True
ISIC_0032831,nv,5,4,4,True
ISIC_0030120,nv,5,5,4,False
ISIC_0026511,bkl,2,2,4,False
ISIC_0031700,nv,5,5,4,False
ISIC_0027073,nv,5,5,4,False
ISIC_0024707,akiec,0,2,4,False
ISIC_0027551,nv,5,5,4,False
ISIC_0024936,nv,5,5,4,False
ISIC_0030939,nv,5,5,4,False
ISIC_0030193,nv,5,5,4,False
ISIC_0034266,nv,5,5,4,False
ISIC_0025430,nv,5,5,4,False
ISIC_0033882,nv,5,5,4,False
ISIC_0030911,nv,5,5,4,False
ISIC_0028853,nv,5,5,4,False
ISIC_0031845,nv,5,5,4,False
ISIC_0030987,nv,5,5,4,False
ISIC_0030670,nv,5,5,4,False
ISIC_0025272,nv,5,5,4,False
ISIC_0032684,mel,4,4,4,False
ISIC_0034052,mel,4,4,4,False
ISIC_0033171,mel,4,4,4,False
ISIC_0030545,nv,5,5,4,False
ISIC_0025768,nv,5,5,4,False
ISIC_0026844,bkl,2,5,4,True
ISIC_0025680,vasc,6,6,4,False
ISIC_0034300,nv,5,5,4,False
ISIC_0033155,nv,5,5,4,False
ISIC_0032609,nv,5,5,4,False
ISIC_0029822,nv,5,5,4,False
ISIC_0027583,nv,5,5,4,False
ISIC_0030149,nv,5,5,4,False
ISIC_0030185,nv,5,5,4,False
ISIC_0031353,nv,5,5,4,False
ISIC_0030463,akiec,0,0,4,False
ISIC_0030052,nv,5,0,4,True
ISIC_0027649,bkl,2,4,4,True
ISIC_0030860,nv,5,5,4,False
ISIC_0026061,nv,5,5,4,False
ISIC_0029157,mel,4,4,4,False
ISIC_0024952,mel,4,4,4,False
ISIC_0030469,nv,5,5,4,False
ISIC_0027314,nv,5,5,4,False
ISIC_0029510,nv,5,5,4,False
ISIC_0029309,akiec,0,0,4,False
ISIC_0028393,akiec,0,0,4,False
ISIC_0033572,nv,5,5,4,False
ISIC_0033596,nv,5,2,4,True
ISIC_0032154,akiec,0,5,4,False
ISIC_0026549,akiec,0,5,4,False
ISIC_0026360,mel,4,4,4,False
ISIC_0025996,mel,4,4,4,False
ISIC_0032110,mel,4,5,4,True
ISIC_0026500,mel,4,5,4,True
ISIC_0029250,nv,5,5,4,False
ISIC_0026927,akiec,0,0,4,False
ISIC_0029582,akiec,0,0,4,False
ISIC_0024591,nv,5,5,4,False
ISIC_0028969,mel,4,2,4,True
ISIC_0032441,mel,4,2,4,True
ISIC_0033142,nv,5,5,4,False
ISIC_0032703,nv,5,5,4,False
ISIC_0033168,nv,5,5,4,False
ISIC_0031621,nv,5,5,4,False
ISIC_0031822,nv,5,5,4,False
ISIC_0030654,nv,5,5,4,False
ISIC_0025829,nv,5,5,4,False
ISIC_0032073,nv,5,5,4,False
ISIC_0028418,mel,4,5,4,True
ISIC_0031049,nv,5,5,4,False
ISIC_0028249,nv,5,5,4,False
ISIC_0028273,nv,5,5,4,False
ISIC_0026913,nv,5,5,4,False
ISIC_0031677,bkl,2,2,4,False
ISIC_0029611,nv,5,5,4,False
ISIC_0029037,nv,5,5,4,False
ISIC_0025972,nv,5,5,4,False
ISIC_0033314,nv,5,5,4,False
ISIC_0033580,nv,5,5,4,False
ISIC_0030380,nv,5,5,4,False
ISIC_0027339,nv,5,5,4,False
ISIC_0029228,nv,5,5,4,False
ISIC_0030175,akiec,0,4,4,False
ISIC_0028518,nv,5,5,4,False
ISIC_0025774,nv,5,5,4,False
ISIC_0032896,nv,5,5,4,False
ISIC_0034166,nv,5,5,4,False
ISIC_0031634,nv,5,5,4,False
ISIC_0032723,mel,4,5,4,True
ISIC_0032751,mel,4,5,4,True
ISIC_0032597,mel,4,5,4,True
ISIC_0028277,nv,5,5,4,False
ISIC_0031741,mel,4,5,4,True
ISIC_0030736,nv,5,5,4,False
ISIC_0027022,nv,5,5,4,False
ISIC_0029057,nv,5,5,4,False
ISIC_0025410,nv,5,5,4,False
ISIC_0025298,nv,5,5,4,False
ISIC_0028363,nv,5,5,4,False
ISIC_0026129,nv,5,5,4,False
ISIC_0026748,nv,5,5,4,False
ISIC_0031992,nv,5,5,4,False
ISIC_0032749,nv,5,5,4,False
ISIC_0034091,nv,5,5,4,False
ISIC_0033738,nv,5,5,4,False
ISIC_0034303,bkl,2,2,4,False
ISIC_0034031,bkl,2,5,4,True
ISIC_0033124,bkl,2,2,4,False
ISIC_0024325,nv,5,5,4,False
ISIC_0028339,nv,5,5,4,False
ISIC_0029442,nv,5,5,4,False
ISIC_0024888,nv,5,5,4,False
ISIC_0028403,nv,5,5,4,False
ISIC_0033909,nv,5,5,4,False
ISIC_0033293,nv,5,5,4,False
ISIC_0031548,nv,5,5,4,False
ISIC_0027977,nv,5,5,4,False
ISIC_0024462,nv,5,5,4,False
ISIC_0027496,nv,5,5,4,False
ISIC_0025866,nv,5,5,4,False
ISIC_0029492,nv,5,5,4,False
ISIC_0027377,nv,5,5,4,False
ISIC_0032084,nv,5,5,4,False
ISIC_0029205,nv,5,5,4,False
ISIC_0031680,nv,5,5,4,False
ISIC_0027191,nv,5,5,4,False
ISIC_0033061,mel,4,2,4,True
ISIC_0033967,mel,4,2,4,True
ISIC_0033051,mel,4,2,4,True
ISIC_0032590,nv,5,4,4,True
ISIC_0033549,nv,5,5,4,False
ISIC_0033921,nv,5,5,4,False
ISIC_0027460,nv,5,5,4,False
ISIC_0032252,nv,5,5,4,False
ISIC_0030695,mel,4,5,4,True
ISIC_0031203,mel,4,5,4,True
ISIC_0027997,nv,5,5,4,False
ISIC_0028463,mel,4,5,4,True
ISIC_0032400,mel,4,2,4,True
ISIC_0024545,mel,4,4,4,False
ISIC_0030252,nv,5,5,4,False
ISIC_0026703,nv,5,5,4,False
ISIC_0025852,nv,5,5,4,False
ISIC_0028514,nv,5,5,4,False
ISIC_0029484,nv,5,5,4,False
ISIC_0032454,nv,5,5,4,False
ISIC_0029338,nv,5,5,4,False
ISIC_0033339,nv,5,5,4,False
ISIC_0025518,nv,5,5,4,False
ISIC_0026101,nv,5,5,4,False
ISIC_0029163,mel,4,2,4,True
ISIC_0029630,mel,4,4,4,False
ISIC_0025960,nv,5,5,4,False
ISIC_0033989,nv,5,5,4,False
ISIC_0032977,nv,5,5,4,False
ISIC_0033664,nv,5,5,4,False
ISIC_0027633,nv,5,5,4,False
ISIC_0031656,nv,5,5,4,False
ISIC_0034114,nv,5,5,4,False
ISIC_0027374,bkl,2,2,4,False
ISIC_0030287,nv,5,5,4,False
ISIC_0027908,nv,5,5,4,False
ISIC_0027183,nv,5,1,4,True
ISIC_0027935,nv,5,5,4,False
ISIC_0031704,nv,5,5,4,False
ISIC_0024772,bkl,2,5,4,True
ISIC_0026316,bkl,2,5,4,True
ISIC_0033475,nv,5,5,4,False
ISIC_0033210,nv,5,5,4,False
ISIC_0033219,nv,5,5,4,False
ISIC_0028891,nv,5,2,4,True
ISIC_0032018,nv,5,5,4,False
ISIC_0026519,nv,5,5,4,False
ISIC_0030672,nv,5,5,4,False
ISIC_0030874,nv,5,5,4,False
ISIC_0031629,nv,5,5,4,False
ISIC_0024975,nv,5,5,4,False
ISIC_0025782,nv,5,5,4,False
ISIC_0026213,bcc,1,1,4,False
ISIC_0026442,bcc,1,1,4,False
ISIC_0028381,akiec,0,5,4,False
ISIC_0031703,nv,5,5,4,False
ISIC_0026079,nv,5,5,4,False
ISIC_0033911,mel,4,4,4,False
ISIC_0033779,mel,4,5,4,True
ISIC_0032638,mel,4,4,4,False
ISIC_0030159,nv,5,5,4,False
ISIC_0027326,bkl,2,2,4,False
ISIC_0031480,nv,5,5,4,False
ISIC_0032371,akiec,0,0,4,False
ISIC_0031842,nv,5,5,4,False
ISIC_0026228,nv,5,5,4,False
ISIC_0030103,nv,5,5,4,False
ISIC_0027236,nv,5,5,4,False
ISIC_0029236,nv,5,5,4,False
ISIC_0029911,nv,5,5,4,False
ISIC_0025814,mel,4,4,4,False
ISIC_0026853,mel,4,4,4,False
ISIC_0028048,nv,5,5,4,False
ISIC_0028213,nv,5,5,4,False
ISIC_0033039,nv,5,5,4,False
ISIC_0029009,nv,5,5,4,False
ISIC_0026583,nv,5,5,4,False
ISIC_0029101,bkl,2,2,4,False
ISIC_0024917,nv,5,5,4,False
ISIC_0030076,akiec,0,5,4,False
ISIC_0028334,nv,5,5,4,False
ISIC_0026235,nv,5,5,4,False
ISIC_0028606,nv,5,5,4,False
ISIC_0034018,nv,5,5,4,False
ISIC_0025877,nv,5,5,4,False
ISIC_0031395,nv,5,4,4,True
ISIC_0025068,bkl,2,4,4,True
ISIC_0027833,nv,5,5,4,False
ISIC_0029294,nv,5,5,4,False
ISIC_0026158,mel,4,4,4,False
ISIC_0031771,nv,5,2,4,True
ISIC_0031249,nv,5,5,4,False
ISIC_0024922,nv,5,5,4,False
ISIC_0027885,nv,5,5,4,False
ISIC_0029138,nv,5,5,4,False
ISIC_0031033,nv,5,5,4,False
ISIC_0027253,mel,4,4,4,False
ISIC_0032046,mel,4,5,4,True
ISIC_0026381,nv,5,5,4,False
ISIC_0030030,nv,5,5,4,False
ISIC_0024324,bkl,2,5,4,True
ISIC_0029559,bkl,2,1,4,True
ISIC_0032280,bkl,2,5,4,True
ISIC_0025982,bkl,2,5,4,True
ISIC_0034165,bkl,2,2,4,False
ISIC_0033185,bkl,2,4,4,True
ISIC_0026342,nv,5,5,4,False
ISIC_0029735,nv,5,5,4,False
ISIC_0028010,nv,5,5,4,False
ISIC_0027193,nv,5,5,4,False
ISIC_0033128,nv,5,5,4,False
ISIC_0033115,nv,5,5,4,False
ISIC_0032625,nv,5,5,4,False
ISIC_0032198,nv,5,5,4,False
ISIC_0026584,nv,5,5,4,False
ISIC_0028440,nv,5,5,4,False
ISIC_0026787,bkl,2,4,4,True
ISIC_0031912,nv,5,5,4,False
ISIC_0031407,bcc,1,5,4,False
ISIC_0028652,bcc,1,1,4,False
ISIC_0027477,nv,5,5,4,False
ISIC_0031712,bcc,1,1,4,False
ISIC_0027165,nv,5,5,4,False
ISIC_0027272,nv,5,5,4,False
ISIC_0027443,nv,5,5,4,False
ISIC_0027552,mel,4,5,4,True
ISIC_0027827,nv,5,5,4,False
ISIC_0025491,nv,5,5,4,False
ISIC_0031448,nv,5,5,4,False
ISIC_0025900,nv,5,5,4,False
ISIC_0033681,nv,5,5,4,False
ISIC_0026184,nv,5,5,4,False
ISIC_0033637,nv,5,5,4,False
ISIC_0033566,nv,5,5,4,False
ISIC_0026814,nv,5,5,4,False
ISIC_0031810,nv,5,5,4,False
ISIC_0031775,nv,5,5,4,False
ISIC_0028860,mel,4,2,4,True
ISIC_0032950,nv,5,1,4,True
ISIC_0034156,nv,5,5,4,False
ISIC_0029860,akiec,0,4,4,False
ISIC_0025471,akiec,0,1,4,False
ISIC_0034231,nv,5,5,4,False
ISIC_0034033,nv,5,5,4,False
ISIC_0030554,nv,5,5,4,False
ISIC_0032812,mel,4,5,4,True
ISIC_0033619,mel,4,5,4,True
ISIC_0034065,mel,4,5,4,True
ISIC_0029957,nv,5,5,4,False
ISIC_0030866,nv,5,5,4,False
ISIC_0024708,bkl,2,2,4,False
ISIC_0031554,mel,4,5,4,True
ISIC_0025472,mel,4,5,4,True
ISIC_0029695,nv,5,5,4,False
ISIC_0030293,nv,5,5,4,False
ISIC_0026615,nv,5,5,4,False
ISIC_0026387,nv,5,5,4,False
ISIC_0033855,bkl,2,2,4,False
ISIC_0027679,nv,5,5,4,False
ISIC_0025706,nv,5,5,4,False
ISIC_0027238,mel,4,5,4,True
ISIC_0029571,mel,4,4,4,False
ISIC_0032999,nv,5,5,4,False
ISIC_0032669,nv,5,5,4,False
ISIC_0033236,nv,5,5,4,False
ISIC_0027386,nv,5,5,4,False
ISIC_0027031,nv,5,5,4,False
ISIC_0024813,nv,5,5,4,False
ISIC_0030343,nv,5,5,4,False
ISIC_0031130,bkl,2,5,4,True
ISIC_0031287,bkl,2,2,4,False
ISIC_0024482,mel,4,5,4,True
ISIC_0025413,mel,4,5,4,True
ISIC_0029463,nv,5,5,4,False
ISIC_0029410,nv,5,5,4,False
ISIC_0029046,nv,5,5,4,False
ISIC_0031476,nv,5,5,4,False
ISIC_0027419,bkl,2,2,4,False
ISIC_0025030,bkl,2,2,4,False
ISIC_0027452,akiec,0,4,4,False
ISIC_0030873,nv,5,2,4,True
ISIC_0028447,nv,5,2,4,True
ISIC_0030027,nv,5,5,4,False
ISIC_0030518,nv,5,5,4,False
ISIC_0030760,mel,4,5,4,True
ISIC_0028565,mel,4,2,4,True
ISIC_0028356,nv,5,5,4,False
ISIC_0028798,nv,5,5,4,False
ISIC_0027646,nv,5,5,4,False
ISIC_0024349,nv,5,5,4,False
ISIC_0026126,nv,5,5,4,False
ISIC_0028271,nv,5,5,4,False
ISIC_0030773,nv,5,5,4,False
ISIC_0028692,nv,5,5,4,False
ISIC_0032260,nv,5,5,4,False
ISIC_0027286,nv,5,5,4,False
ISIC_0027317,nv,5,5,4,False
ISIC_0029126,bkl,2,1,4,True
ISIC_0028702,bkl,2,1,4,True
ISIC_0027054,nv,5,5,4,False
ISIC_0032229,nv,5,5,4,False
ISIC_0029562,mel,4,2,4,True
ISIC_0029453,mel,4,5,4,True
ISIC_0028840,bkl,2,5,4,True
ISIC_0030323,bkl,2,2,4,False
ISIC_0031561,mel,4,5,4,True
ISIC_0024625,nv,5,5,4,False
ISIC_0032721,nv,5,5,4,False
ISIC_0033537,nv,5,5,4,False
ISIC_0034146,nv,5,1,4,True
ISIC_0033964,nv,5,1,4,True
ISIC_0032951,nv,5,5,4,False
ISIC_0032214,mel,4,5,4,True
ISIC_0025480,nv,5,5,4,False
ISIC_0030429,nv,5,1,4,True
ISIC_0028159,nv,5,5,4,False
ISIC_0024452,bcc,1,1,4,False
ISIC_0029539,bcc,1,1,4,False
ISIC_0031258,bcc,1,1,4,False
ISIC_0027345,nv,5,5,4,False
ISIC_0031148,nv,5,5,4,False
ISIC_0033716,bkl,2,5,4,True
ISIC_0034011,bkl,2,2,4,False
ISIC_0033613,bkl,2,2,4,False
ISIC_0027796,bkl,2,5,4,True
ISIC_0027037,bkl,2,2,4,False
ISIC_0030459,bkl,2,2,4,False
ISIC_0029776,bkl,2,2,4,False
ISIC_0027665,vasc,6,6,4,False
ISIC_0031125,bkl,2,2,4,False
ISIC_0029375,nv,5,5,4,False
ISIC_0034082,nv,5,5,4,False
ISIC_0027794,nv,5,5,4,False
ISIC_0025466,bkl,2,2,4,False
ISIC_0032367,nv,5,5,4,False
ISIC_0031166,bcc,1,1,4,False
ISIC_0028693,bcc,1,1,4,False
ISIC_0033445,nv,5,5,4,False
ISIC_0025839,nv,5,5,4,False
ISIC_0029182,nv,5,5,4,False
ISIC_0026400,nv,5,5,4,False
ISIC_0031918,akiec,0,5,4,False
ISIC_0031603,nv,5,5,4,False
ISIC_0029867,nv,5,5,4,False
ISIC_0028206,nv,5,5,4,False
ISIC_0024856,nv,5,5,4,False
ISIC_0027594,nv,5,5,4,False
ISIC_0030461,nv,5,5,4,False
ISIC_0034019,nv,5,5,4,False
ISIC_0027916,bkl,2,5,4,True
ISIC_0029967,df,3,4,4,False
ISIC_0027876,df,3,5,4,False
ISIC_0030614,nv,5,5,4,False
ISIC_0030512,mel,4,5,4,True
ISIC_0033221,nv,5,5,4,False
ISIC_0033340,nv,5,5,4,False
ISIC_0032189,nv,5,5,4,False
ISIC_0028627,nv,5,5,4,False
ISIC_0031006,nv,5,5,4,False
ISIC_0031271,df,3,3,4,False
ISIC_0031948,nv,5,5,4,False
ISIC_0030366,mel,4,5,4,True
ISIC_0025441,nv,5,5,4,False
ISIC_0028618,nv,5,5,4,False
ISIC_0031488,nv,5,5,4,False
ISIC_0024656,nv,5,5,4,False
ISIC_0028313,nv,5,5,4,False
ISIC_0025625,nv,5,5,4,False
ISIC_0029930,akiec,0,4,4,False
ISIC_0027814,bcc,1,1,4,False
ISIC_0031651,bcc,1,0,4,False
ISIC_0034012,mel,4,5,4,True
ISIC_0034150,mel,4,5,4,True
ISIC_0024968,nv,5,5,4,False
ISIC_0030576,nv,5,5,4,False
ISIC_0028315,nv,5,5,4,False
ISIC_0029306,nv,5,5,4,False
ISIC_0025856,bkl,2,5,4,True
ISIC_0032692,vasc,6,5,4,False
ISIC_0033608,vasc,6,5,4,False
ISIC_0033969,vasc,6,6,4,False
ISIC_0024931,bcc,1,1,4,False
ISIC_0028917,nv,5,5,4,False
ISIC_0033154,mel,4,4,4,False
ISIC_0033192,mel,4,4,4,False
ISIC_0029134,nv,5,5,4,False
ISIC_0025371,nv,5,5,4,False
ISIC_0025849,nv,5,5,4,False
ISIC_0026648,nv,5,5,4,False
ISIC_0029609,nv,5,5,4,False
ISIC_0029482,nv,5,5,4,False
ISIC_0025144,bcc,1,1,4,False
ISIC_0028282,nv,5,5,4,False
ISIC_0029946,nv,5,5,4,False
ISIC_0026308,nv,5,5,4,False
ISIC_0025168,nv,5,5,4,False
ISIC_0024617,nv,5,5,4,False
ISIC_0029698,mel,4,1,4,True
ISIC_0030742,nv,5,5,4,False
ISIC_0028441,nv,5,5,4,False
ISIC_0031374,nv,5,5,4,False
ISIC_0025269,nv,5,5,4,False
ISIC_0031538,nv,5,5,4,False
ISIC_0027332,bkl,2,5,4,True
ISIC_0026669,nv,5,5,4,False
ISIC_0027252,nv,5,5,4,False
ISIC_0031705,nv,5,5,4,False
ISIC_0031435,nv,5,5,4,False
ISIC_0030777,nv,5,5,4,False
ISIC_0031515,nv,5,1,4,True
ISIC_0029854,nv,5,1,4,True
ISIC_0031591,bkl,2,2,4,False
ISIC_0029091,nv,5,5,4,False
ISIC_0032026,nv,5,5,4,False
ISIC_0028620,nv,5,5,4,False
ISIC_0031568,nv,5,5,4,False
ISIC_0026135,bkl,2,2,4,False
ISIC_0024991,nv,5,5,4,False
ISIC_0028882,nv,5,5,4,False
ISIC_0029826,nv,5,5,4,False
ISIC_0025352,nv,5,5,4,False
ISIC_0030509,nv,5,5,4,False
ISIC_0028750,bkl,2,2,4,False
ISIC_0024643,bkl,2,5,4,True
ISIC_0025347,nv,5,5,4,False
ISIC_0032059,nv,5,5,4,False
ISIC_0027306,mel,4,4,4,False
ISIC_0034253,mel,4,4,4,False
ISIC_0024592,bkl,2,2,4,False
ISIC_0025031,bcc,1,1,4,False
ISIC_0024681,nv,5,5,4,False
ISIC_0027910,nv,5,5,4,False
ISIC_0028536,nv,5,5,4,False
ISIC_0024835,nv,5,5,4,False
ISIC_0029540,nv,5,5,4,False
ISIC_0027239,bkl,2,2,4,False
ISIC_0030700,bkl,2,0,4,True
ISIC_0029311,bkl,2,2,4,False
ISIC_0029896,nv,5,5,4,False
ISIC_0034070,bkl,2,2,4,False
ISIC_0033709,bkl,2,2,4,False
ISIC_0025328,nv,5,5,4,False
ISIC_0027470,bkl,2,5,4,True
ISIC_0028656,bkl,2,5,4,True
ISIC_0032017,mel,4,5,4,True
ISIC_0028003,mel,4,5,4,True
ISIC_0030831,nv,5,5,4,False
ISIC_0030868,bcc,1,1,4,False
ISIC_0026995,bcc,1,1,4,False
ISIC_0030087,nv,5,5,4,False
ISIC_0030595,nv,5,5,4,False
ISIC_0029004,nv,5,5,4,False
ISIC_0029034,bcc,1,1,4,False
ISIC_0030800,bcc,1,1,4,False
ISIC_0032174,bcc,1,1,4,False
ISIC_0031024,bkl,2,2,4,False
ISIC_0029181,nv,5,5,4,False
ISIC_0025820,nv,5,5,4,False
ISIC_0027548,nv,5,5,4,False
ISIC_0026826,nv,5,5,4,False
ISIC_0031278,nv,5,5,4,False
ISIC_0032423,nv,5,4,4,True
ISIC_0026051,nv,5,5,4,False
ISIC_0029264,nv,5,5,4,False
ISIC_0027613,df,3,3,4,False
ISIC_0032468,df,3,3,4,False
ISIC_0027545,bcc,1,1,4,False
ISIC_0027609,bcc,1,1,4,False
ISIC_0031761,bkl,2,5,4,True
ISIC_0025677,vasc,6,6,4,False
ISIC_0028498,nv,5,4,4,True
ISIC_0025346,nv,5,2,4,True
ISIC_0030843,mel,4,5,4,True
ISIC_0028898,mel,4,5,4,True
ISIC_0025598,nv,5,5,4,False
ISIC_0026272,nv,5,5,4,False
ISIC_0024658,nv,5,5,4,False
ISIC_0028957,nv,5,5,4,False
ISIC_0027199,nv,5,5,4,False
ISIC_0026713,vasc,6,6,4,False
ISIC_0025685,nv,5,5,4,False
ISIC_0032821,nv,5,5,4,False
ISIC_0032783,nv,5,5,4,False
ISIC_0034139,nv,5,5,4,False
ISIC_0030802,nv,5,5,4,False
ISIC_0030021,df,3,3,4,False
ISIC_0027118,df,3,5,4,False
ISIC_0026707,nv,5,5,4,False
ISIC_0029149,nv,5,5,4,False
ISIC_0031604,nv,5,5,4,False
ISIC_0027380,nv,5,5,4,False
ISIC_0025795,nv,5,5,4,False
ISIC_0026498,nv,5,5,4,False
ISIC_0025594,df,3,3,4,False
ISIC_0030411,nv,5,5,4,False
ISIC_0030931,nv,5,5,4,False
ISIC_0028596,nv,5,5,4,False
ISIC_0031649,nv,5,5,4,False
ISIC_0026030,nv,5,5,4,False
ISIC_0031807,nv,5,5,4,False
ISIC_0033174,mel,4,5,4,True
ISIC_0033239,mel,4,5,4,True
ISIC_0033985,mel,4,5,4,True
ISIC_0033436,nv,5,5,4,False
ISIC_0027835,nv,5,5,4,False
ISIC_0027342,nv,5,5,4,False
ISIC_0025786,nv,5,5,4,False
ISIC_0025525,nv,5,5,4,False
ISIC_0032247,df,3,5,4,False
ISIC_0031429,df,3,5,4,False
ISIC_0031079,nv,5,5,4,False
ISIC_0028524,nv,5,5,4,False
ISIC_0032389,mel,4,4,4,False
ISIC_0025709,mel,4,4,4,False
ISIC_0026478,nv,5,1,4,True
ISIC_0032049,nv,5,5,4,False
ISIC_0025747,nv,5,5,4,False
ISIC_0030040,nv,5,5,4,False
ISIC_0029118,nv,5,5,4,False
ISIC_0026855,bcc,1,5,4,False
ISIC_0030564,mel,4,5,4,True
ISIC_0025633,nv,5,5,4,False
ISIC_0032727,bcc,1,1,4,False
ISIC_0033979,bcc,1,1,4,False
ISIC_0030638,nv,5,5,4,False
ISIC_0029405,nv,5,1,4,True
ISIC_0032355,nv,5,5,4,False
ISIC_0028094,bkl,2,2,4,False
ISIC_0029455,bkl,2,1,4,True
ISIC_0033437,bkl,2,5,4,True
ISIC_0033195,bkl,2,5,4,True
ISIC_0032553,bkl,2,4,4,True
ISIC_0029546,bcc,1,1,4,False
ISIC_0026518,nv,5,5,4,False
ISIC_0031094,nv,5,5,4,False
ISIC_0032345,nv,5,5,4,False
ISIC_0026838,nv,5,5,4,False
ISIC_0026237,nv,5,5,4,False
ISIC_0025547,nv,5,5,4,False
ISIC_0024440,nv,5,5,4,False
ISIC_0029965,nv,5,5,4,False
ISIC_0032888,mel,4,4,4,False
ISIC_0033968,mel,4,5,4,True
ISIC_0032509,mel,4,5,4,True
ISIC_0034068,mel,4,5,4,True
ISIC_0024679,mel,4,4,4,False
ISIC_0031401,mel,4,4,4,False
ISIC_0026287,nv,5,5,4,False
ISIC_0034015,bcc,1,4,4,False
ISIC_0034223,bcc,1,4,4,False
ISIC_0029063,nv,5,5,4,False
ISIC_0033432,mel,4,4,4,False
ISIC_0032833,mel,4,5,4,True
ISIC_0034236,mel,4,5,4,True
ISIC_0029192,bcc,1,1,4,False
ISIC_0033248,bcc,1,1,4,False
ISIC_0030599,nv,5,5,4,False
ISIC_0031236,bcc,1,5,4,False
ISIC_0028054,nv,5,5,4,False
ISIC_0027696,nv,5,5,4,False
ISIC_0026086,mel,4,4,4,False
ISIC_0033404,nv,5,4,4,True
ISIC_0033478,nv,5,5,4,False
ISIC_0027287,bkl,2,5,4,True
ISIC_0024494,bkl,2,5,4,True
ISIC_0027576,nv,5,5,4,False
ISIC_0031537,bkl,2,0,4,True
ISIC_0025213,nv,5,5,4,False
ISIC_0026180,nv,5,5,4,False
ISIC_0032435,nv,5,5,4,False
ISIC_0030997,nv,5,5,4,False
ISIC_0032500,nv,5,5,4,False
ISIC_0028597,nv,5,5,4,False
ISIC_0024724,nv,5,5,4,False
ISIC_0025286,bkl,2,5,4,True
ISIC_0032060,nv,5,5,4,False
ISIC_0030812,bkl,2,1,4,True
ISIC_0029802,bkl,2,1,4,True
ISIC_0029225,nv,5,5,4,False
ISIC_0024628,nv,5,5,4,False
ISIC_0031251,nv,5,5,4,False
ISIC_0028986,nv,5,5,4,False
ISIC_0030705,bkl,2,2,4,False
ISIC_0031444,nv,5,5,4,False
ISIC_0024334,nv,5,5,4,False
ISIC_0030257,nv,5,5,4,False
ISIC_0026215,nv,5,5,4,False
ISIC_0032029,nv,5,1,4,True
ISIC_0027444,nv,5,5,4,False
ISIC_0025702,nv,5,5,4,False
ISIC_0032105,nv,5,5,4,False
ISIC_0033310,mel,4,4,4,False
ISIC_0028284,nv,5,5,4,False
ISIC_0029892,nv,5,5,4,False
ISIC_0030607,bkl,2,1,4,True
ISIC_0029060,bkl,2,5,4,True
ISIC_0031466,nv,5,5,4,False
ISIC_0031048,nv,5,5,4,False
ISIC_0031144,nv,5,5,4,False
ISIC_0032785,nv,5,5,4,False
ISIC_0032563,nv,5,5,4,False
ISIC_0033071,nv,5,5,4,False
ISIC_0029115,bkl,2,2,4,False
ISIC_0033984,nv,5,5,4,False
ISIC_0032640,nv,5,5,4,False
ISIC_0029217,bkl,2,2,4,False
ISIC_0026302,nv,5,5,4,False
ISIC_0024414,nv,5,5,4,False
ISIC_0029251,bkl,2,2,4,False
ISIC_0029792,nv,5,5,4,False
ISIC_0029593,nv,5,5,4,False
ISIC_0030457,nv,5,5,4,False
ISIC_0033809,nv,5,5,4,False
ISIC_0026233,nv,5,5,4,False
ISIC_0024432,bcc,1,5,4,False
ISIC_0028113,bcc,1,1,4,False
ISIC_0024445,bkl,2,5,4,True
ISIC_0029108,bkl,2,2,4,False
ISIC_0026021,nv,5,5,4,False
ISIC_0033558,nv,5,5,4,False
ISIC_0033590,nv,5,5,4,False
ISIC_0033303,nv,5,5,4,False
ISIC_0029174,nv,5,1,4,True
ISIC_0028870,nv,5,6,4,True
ISIC_0025056,nv,5,5,4,False
ISIC_0030240,bkl,2,2,4,False
ISIC_0026453,bcc,1,1,4,False
ISIC_0031489,bcc,1,1,4,False
ISIC_0027656,nv,5,5,4,False
ISIC_0025644,bcc,1,1,4,False
ISIC_0030314,bcc,1,1,4,False
ISIC_0029943,nv,5,5,4,False
ISIC_0027234,mel,4,4,4,False
ISIC_0025342,nv,5,5,4,False
ISIC_0028744,nv,5,5,4,False
ISIC_0026618,nv,5,5,4,False
ISIC_0026670,nv,5,5,4,False
ISIC_0029202,bkl,2,2,4,False
ISIC_0027628,nv,5,5,4,False
ISIC_0025246,nv,5,5,4,False
ISIC_0029541,akiec,0,0,4,False
ISIC_0027984,nv,5,5,4,False
ISIC_0029447,nv,5,5,4,False
ISIC_0031745,mel,4,4,4,False
ISIC_0031586,mel,4,5,4,True
ISIC_0029915,akiec,0,5,4,False
ISIC_0026326,nv,5,5,4,False
ISIC_0032251,nv,5,1,4,True
ISIC_0032253,nv,5,1,4,True
ISIC_0026723,nv,5,5,4,False
ISIC_0024401,nv,5,5,4,False
ISIC_0029673,nv,5,5,4,False
ISIC_0028266,nv,5,5,4,False
ISIC_0026721,nv,5,5,4,False
ISIC_0025237,nv,5,0,4,True
ISIC_0029390,nv,5,5,4,False
ISIC_0026328,nv,5,5,4,False
ISIC_0029334,nv,5,5,4,False
ISIC_0031505,nv,5,5,4,False
ISIC_0028950,nv,5,5,4,False
ISIC_0025411,akiec,0,5,4,False
ISIC_0032406,nv,5,5,4,False
ISIC_0031126,nv,5,5,4,False
ISIC_0028608,nv,5,5,4,False
ISIC_0024892,nv,5,5,4,False
ISIC_0024435,bkl,2,2,4,False
ISIC_0026590,bkl,2,2,4,False
ISIC_0033456,akiec,0,4,4,False
ISIC_0033494,akiec,0,2,4,False
ISIC_0033413,akiec,0,3,4,False
ISIC_0025917,nv,5,5,4,False
ISIC_0027398,nv,5,5,4,False
ISIC_0032407,nv,5,5,4,False
ISIC_0032039,nv,5,5,4,False
ISIC_0030435,nv,5,5,4,False
ISIC_0031104,nv,5,5,4,False
ISIC_0027346,nv,5,5,4,False
ISIC_0031875,nv,5,4,4,True
ISIC_0027585,nv,5,5,4,False
ISIC_0026681,nv,5,5,4,False
ISIC_0030386,nv,5,5,4,False
ISIC_0030499,nv,5,5,4,False
ISIC_0027498,nv,5,5,4,False
ISIC_0027798,nv,5,5,4,False
ISIC_0028141,nv,5,5,4,False
ISIC_0032310,nv,5,5,4,False
ISIC_0031387,nv,5,5,4,False
ISIC_0024939,nv,5,5,4,False
ISIC_0028638,nv,5,5,4,False
ISIC_0024766,nv,5,5,4,False
ISIC_0028449,bkl,2,2,4,False
ISIC_0028123,bkl,2,2,4,False
ISIC_0026191,nv,5,5,4,False
ISIC_0031553,nv,5,5,4,False
ISIC_0031756,nv,5,4,4,True
ISIC_0028198,mel,4,5,4,True
ISIC_0027144,mel,4,5,4,True
ISIC_0029324,nv,5,5,4,False
ISIC_0028152,nv,5,5,4,False
ISIC_0031959,nv,5,2,4,True
ISIC_0032078,nv,5,2,4,True
ISIC_0025664,nv,5,5,4,False
ISIC_0027275,bkl,2,5,4,True
ISIC_0033234,nv,5,5,4,False
ISIC_0028617,nv,5,5,4,False
ISIC_0034177,nv,5,5,4,False
ISIC_0025904,mel,4,4,4,False
ISIC_0032450,mel,4,4,4,False
ISIC_0033686,nv,5,5,4,False
ISIC_0030531,nv,5,5,4,False
ISIC_0029256,nv,5,5,4,False
ISIC_0033240,mel,4,4,4,False
ISIC_0032782,mel,4,5,4,True
ISIC_0032522,mel,4,4,4,False
ISIC_0026327,akiec,0,1,4,False
ISIC_0028683,nv,5,5,4,False
ISIC_0025217,nv,5,5,4,False
ISIC_0029329,bkl,2,2,4,False
ISIC_0027859,bkl,2,0,4,True
ISIC_0024538,nv,5,5,4,False
ISIC_0029499,nv,5,5,4,False
ISIC_0025208,nv,5,5,4,False
ISIC_0031962,nv,5,5,4,False
ISIC_0024742,nv,5,5,4,False
ISIC_0026833,nv,5,5,4,False
ISIC_0031143,nv,5,5,4,False
ISIC_0031863,nv,5,5,4,False
ISIC_0028169,nv,5,5,4,False
ISIC_0026965,nv,5,5,4,False
ISIC_0024502,nv,5,5,4,False
ISIC_0028903,nv,5,5,4,False
ISIC_0028994,bcc,1,0,4,False
ISIC_0030511,bcc,1,1,4,False
ISIC_0031063,bcc,1,1,4,False
ISIC_0028877,bcc,1,1,4,False
ISIC_0031495,bkl,2,2,4,False
ISIC_0026104,bkl,2,5,4,True
ISIC_0028914,nv,5,5,4,False
ISIC_0028952,bkl,2,5,4,True
ISIC_0027944,nv,5,5,4,False
ISIC_0030246,mel,4,4,4,False
ISIC_0024384,nv,5,5,4,False
ISIC_0027042,bkl,2,5,4,True
ISIC_0024901,nv,5,5,4,False
ISIC_0029507,nv,5,5,4,False
ISIC_0030733,nv,5,5,4,False
ISIC_0027776,mel,4,2,4,True
ISIC_0029048,bkl,2,2,4,False
ISIC_0024644,mel,4,5,4,True
ISIC_0027048,nv,5,5,4,False
ISIC_0027450,nv,5,5,4,False
ISIC_0031064,nv,5,5,4,False
ISIC_0027538,nv,5,5,4,False
ISIC_0026751,nv,5,5,4,False
ISIC_0029332,nv,5,5,4,False
ISIC_0030668,nv,5,5,4,False
ISIC_0027233,nv,5,5,4,False
ISIC_0031191,akiec,0,4,4,False
ISIC_0026750,nv,5,5,4,False
ISIC_0030421,nv,5,5,4,False
ISIC_0027177,nv,5,5,4,False
ISIC_0026007,nv,5,5,4,False
ISIC_0028989,bcc,1,1,4,False
ISIC_0029058,nv,5,5,4,False
ISIC_0033556,nv,5,5,4,False
ISIC_0028406,vasc,6,6,4,False
ISIC_0029863,nv,5,5,4,False
ISIC_0032467,nv,5,5,4,False
ISIC_0029326,nv,5,5,4,False
ISIC_0031965,nv,5,4,4,True
ISIC_0025148,nv,5,5,4,False
ISIC_0028813,nv,5,5,4,False
ISIC_0029551,nv,5,5,4,False
ISIC_0028515,nv,5,5,4,False
ISIC_0025801,nv,5,5,4,False
ISIC_0029185,nv,5,5,4,False
ISIC_0025684,nv,5,5,4,False
ISIC_0027784,nv,5,5,4,False
ISIC_0025081,mel,4,6,4,True
ISIC_0030134,mel,4,4,4,False
ISIC_0028385,nv,5,5,4,False
ISIC_0027403,nv,5,5,4,False
ISIC_0025824,bcc,1,1,4,False
ISIC_0031400,bcc,1,1,4,False
ISIC_0032404,akiec,0,0,4,False
ISIC_0025255,nv,5,5,4,False
ISIC_0031990,nv,5,5,4,False
ISIC_0026473,df,3,1,4,False
ISIC_0032114,df,3,2,4,False
ISIC_0026789,df,3,1,4,False
ISIC_0029423,nv,5,5,4,False
ISIC_0026416,bkl,2,2,4,False
ISIC_0032772,nv,5,5,4,False
ISIC_0034041,nv,5,5,4,False
ISIC_0033598,nv,5,5,4,False
ISIC_0034021,nv,5,5,4,False
ISIC_0027951,nv,5,5,4,False
ISIC_0031575,nv,5,5,4,False
ISIC_0030783,bkl,2,5,4,True
ISIC_0031579,nv,5,5,4,False
ISIC_0029160,nv,5,5,4,False
ISIC_0026559,nv,5,5,4,False
ISIC_0028555,bkl,2,5,4,True
ISIC_0029568,bkl,2,0,4,True
ISIC_0027418,nv,5,5,4,False
ISIC_0029030,nv,5,5,4,False
ISIC_0027209,nv,5,5,4,False
ISIC_0028966,nv,5,5,4,False
ISIC_0027347,nv,5,5,4,False
ISIC_0026758,nv,5,5,4,False
ISIC_0028561,nv,5,5,4,False
ISIC_0031365,nv,5,5,4,False
ISIC_0032588,nv,5,5,4,False
ISIC_0029548,bkl,2,5,4,True
ISIC_0027989,bkl,2,5,4,True
ISIC_0027196,nv,5,5,4,False
ISIC_0028370,akiec,0,0,4,False
ISIC_0028228,mel,4,5,4,True
ISIC_0026070,bkl,2,5,4,True
ISIC_0032235,bkl,2,5,4,True
ISIC_0028511,bkl,2,5,4,True
ISIC_0026714,bkl,2,5,4,True
ISIC_0028473,bkl,2,5,4,True
ISIC_0031617,nv,5,5,4,False
ISIC_0025173,nv,5,1,4,True
ISIC_0026349,vasc,6,6,4,False
ISIC_0026662,nv,5,5,4,False
ISIC_0025494,nv,5,5,4,False
ISIC_0028781,nv,5,5,4,False
ISIC_0025722,nv,5,5,4,False
ISIC_0027228,nv,5,5,4,False
ISIC_0026691,nv,5,5,4,False
ISIC_0034220,nv,5,5,4,False
ISIC_0032973,nv,5,4,4,True
ISIC_0033425,nv,5,5,4,False
ISIC_0025211,nv,5,5,4,False
ISIC_0031414,nv,5,5,4,False
ISIC_0033954,nv,5,5,4,False
ISIC_0033771,nv,5,5,4,False
ISIC_0034035,nv,5,5,4,False
ISIC_0032307,bcc,1,2,4,False
ISIC_0033567,nv,5,5,4,False
ISIC_0025563,nv,5,5,4,False
ISIC_0026004,nv,5,5,4,False
ISIC_0030714,akiec,0,5,4,False
ISIC_0026412,nv,5,5,4,False
ISIC_0031697,bcc,1,1,4,False
ISIC_0028130,nv,5,5,4,False
ISIC_0029637,nv,5,5,4,False
ISIC_0025359,nv,5,5,4,False
ISIC_0028516,nv,5,5,4,False
ISIC_0029726,mel,4,3,4,True
ISIC_0028523,nv,5,5,4,False
ISIC_0025757,nv,5,5,4,False
ISIC_0032502,nv,5,5,4,False
ISIC_0031041,bcc,1,1,4,False
ISIC_0030983,nv,5,5,4,False
ISIC_0024703,nv,5,5,4,False
ISIC_0034118,mel,4,5,4,True
ISIC_0033476,mel,4,5,4,True
ISIC_0033047,mel,4,5,4,True
ISIC_0025987,mel,4,5,4,True
ISIC_0030238,mel,4,5,4,True
ISIC_0031233,mel,4,5,4,True
ISIC_0025404,nv,5,5,4,False
ISIC_0033460,bkl,2,2,4,False
ISIC_0028876,bkl,2,2,4,False
ISIC_0029527,bkl,2,2,4,False
ISIC_0027963,nv,5,5,4,False
ISIC_0032064,nv,5,5,4,False
ISIC_0033081,mel,4,5,4,True
ISIC_0034205,mel,4,5,4,True
ISIC_0033612,mel,4,5,4,True
ISIC_0032127,nv,5,5,4,False
ISIC_0026111,nv,5,5,4,False
ISIC_0030153,nv,5,5,4,False
ISIC_0026404,nv,5,4,4,True
ISIC_0024436,bcc,1,1,4,False
ISIC_0033395,nv,5,5,4,False
ISIC_0033355,nv,5,5,4,False
ISIC_0033095,nv,5,5,4,False
ISIC_0027599,nv,5,5,4,False
ISIC_0026727,nv,5,5,4,False
ISIC_0031479,mel,4,4,4,False
ISIC_0031986,bcc,1,1,4,False
ISIC_0026154,bcc,1,1,4,False
ISIC_0029008,nv,5,5,4,False
ISIC_0031379,nv,5,5,4,False
ISIC_0031523,nv,5,5,4,False
ISIC_0027812,nv,5,5,4,False
ISIC_0026561,nv,5,5,4,False
ISIC_0028064,nv,5,5,4,False
ISIC_0028912,nv,5,5,4,False
ISIC_0029417,akiec,0,0,4,False
ISIC_0025331,akiec,0,0,4,False
ISIC_0028636,nv,5,5,4,False
ISIC_0025687,nv,5,5,4,False
ISIC_0025582,nv,5,5,4,False
ISIC_0031517,mel,4,4,4,False
ISIC_0028022,mel,4,4,4,False
ISIC_0033833,nv,5,5,4,False
ISIC_0029045,nv,5,5,4,False
ISIC_0031160,nv,5,4,4,True
ISIC_0029618,nv,5,5,4,False
ISIC_0030596,nv,5,5,4,False
ISIC_0029299,nv,5,5,4,False
ISIC_0029795,nv,5,5,4,False
ISIC_0030003,nv,5,5,4,False
ISIC_0030560,nv,5,5,4,False
ISIC_0031325,nv,5,5,4,False
ISIC_0032165,nv,5,5,4,False
ISIC_0024718,nv,5,5,4,False
ISIC_0024834,nv,5,5,4,False
ISIC_0025287,nv,5,5,4,False
ISIC_0030322,nv,5,5,4,False
ISIC_0025461,nv,5,5,4,False
ISIC_0029459,nv,5,5,4,False
ISIC_0033050,mel,4,5,4,True
ISIC_0033526,mel,4,5,4,True
ISIC_0029016,nv,5,5,4,False
ISIC_0027439,nv,5,5,4,False
ISIC_0033464,nv,5,5,4,False
ISIC_0029519,bkl,2,2,4,False
ISIC_0030034,mel,4,5,4,True
ISIC_0025093,nv,5,5,4,False
ISIC_0027636,nv,5,5,4,False
ISIC_0026733,nv,5,5,4,False
ISIC_0031512,nv,5,5,4,False
ISIC_0025003,nv,5,5,4,False
ISIC_0029738,nv,5,5,4,False
ISIC_0026874,nv,5,5,4,False
ISIC_0028320,nv,5,5,4,False
ISIC_0029440,nv,5,5,4,False
ISIC_0025698,nv,5,5,4,False
ISIC_0032679,nv,5,5,4,False
ISIC_0032529,nv,5,5,4,False
ISIC_0033119,nv,5,5,4,False
ISIC_0026951,nv,5,5,4,False
ISIC_0026816,nv,5,5,4,False
ISIC_0028635,nv,5,5,4,False
ISIC_0026653,nv,5,5,4,False
ISIC_0032624,mel,4,5,4,True
ISIC_0033977,mel,4,5,4,True
ISIC_0034002,mel,4,5,4,True
ISIC_0026029,nv,5,5,4,False
ISIC_0033914,nv,5,5,4,False
ISIC_0033978,nv,5,5,4,False
ISIC_0033718,nv,5,5,4,False
ISIC_0026657,nv,5,5,4,False
ISIC_0028067,nv,5,5,4,False
ISIC_0030321,df,3,5,4,False
ISIC_0024964,nv,5,5,4,False
ISIC_0026997,nv,5,5,4,False
ISIC_0025857,nv,5,5,4,False
ISIC_0025146,nv,5,5,4,False
ISIC_0025412,nv,5,5,4,False
ISIC_0025785,nv,5,5,4,False
ISIC_0028494,nv,5,5,4,False
ISIC_0025771,df,3,3,4,False
ISIC_0031777,nv,5,5,4,False
ISIC_0033485,mel,4,5,4,True
ISIC_0033175,mel,4,5,4,True
ISIC_0033886,mel,4,5,4,True
ISIC_0029159,nv,5,5,4,False
ISIC_0024878,nv,5,5,4,False
ISIC_0027579,nv,5,5,4,False
ISIC_0029471,nv,5,5,4,False
ISIC_0024953,nv,5,5,4,False
ISIC_0032427,nv,5,5,4,False
ISIC_0025733,nv,5,5,4,False
ISIC_0026186,nv,5,5,4,False
ISIC_0025156,nv,5,5,4,False
ISIC_0033811,akiec,0,4,4,False
ISIC_0033358,akiec,0,4,4,False
ISIC_0033151,akiec,0,4,4,False
ISIC_0033282,nv,5,5,4,False
ISIC_0032729,nv,5,5,4,False
ISIC_0033076,nv,5,5,4,False
ISIC_0026562,nv,5,5,4,False
ISIC_0032148,nv,5,5,4,False
ISIC_0031889,nv,5,5,4,False
ISIC_0031368,mel,4,2,4,True
ISIC_0025414,mel,4,0,4,True
ISIC_0031193,nv,5,5,4,False
ISIC_0024854,nv,5,5,4,False
ISIC_0033098,nv,5,5,4,False
ISIC_0032607,nv,5,5,4,False
ISIC_0032718,mel,4,5,4,True
ISIC_0032736,mel,4,5,4,True
ISIC_0027676,nv,5,5,4,False
ISIC_0026998,nv,5,2,4,True
ISIC_0032218,nv,5,5,4,False
ISIC_0026932,nv,5,5,4,False
ISIC_0026450,nv,5,5,4,False
ISIC_0026589,nv,5,5,4,False
ISIC_0024354,nv,5,5,4,False
ISIC_0024914,nv,5,5,4,False
ISIC_0031173,nv,5,5,4,False
ISIC_0029186,nv,5,5,4,False
ISIC_0026118,bcc,1,0,4,False
ISIC_0029820,bcc,1,2,4,False
ISIC_0031227,nv,5,5,4,False
ISIC_0032025,nv,5,5,4,False
ISIC_0025701,nv,5,5,4,False
ISIC_0031585,bcc,1,1,4,False
ISIC_0028716,nv,5,5,4,False
ISIC_0027753,akiec,0,5,4,False
ISIC_0026492,akiec,0,5,4,False
ISIC_0030491,akiec,0,0,4,False
ISIC_0031381,akiec,0,0,4,False
ISIC_0030405,nv,5,5,4,False
ISIC_0028396,nv,5,5,4,False
ISIC_0030524,nv,5,5,4,False
ISIC_0028551,nv,5,5,4,False
ISIC_0025649,nv,5,5,4,False
ISIC_0030194,nv,5,5,4,False
ISIC_0027103,nv,5,5,4,False
ISIC_0029139,bkl,2,2,4,False
ISIC_0025249,vasc,6,6,4,False
ISIC_0032418,nv,5,5,4,False
ISIC_0025027,nv,5,1,4,True
ISIC_0032090,nv,5,1,4,True
ISIC_0026596,mel,4,5,4,True
ISIC_0028056,mel,4,5,4,True
ISIC_0032245,mel,4,1,4,True
ISIC_0027775,nv,5,5,4,False
ISIC_0027824,nv,5,5,4,False
ISIC_0029955,nv,5,5,4,False
ISIC_0028369,nv,5,5,4,False
ISIC_0028209,bkl,2,5,4,True
ISIC_0029518,bkl,2,2,4,False
ISIC_0026759,nv,5,5,4,False
ISIC_0031391,nv,5,5,4,False
ISIC_0025033,bkl,2,1,4,True
ISIC_0027310,bkl,2,5,4,True
ISIC_0027095,nv,5,5,4,False
ISIC_0029829,nv,5,5,4,False
ISIC_0033068,mel,4,4,4,False
ISIC_0034218,mel,4,4,4,False
ISIC_0034263,mel,4,4,4,False
ISIC_0029257,nv,5,5,4,False
ISIC_0030225,nv,5,5,4,False
ISIC_0026165,nv,5,5,4,False
ISIC_0028210,nv,5,5,4,False
ISIC_0028481,mel,4,4,4,False
ISIC_0029172,mel,4,4,4,False
ISIC_0024461,bcc,1,1,4,False
ISIC_0030526,bcc,1,1,4,False
ISIC_0025530,bcc,1,1,4,False
ISIC_0026673,nv,5,5,4,False
ISIC_0028520,mel,4,5,4,True
ISIC_0034000,mel,4,4,4,False
ISIC_0032188,nv,5,5,4,False
ISIC_0031588,nv,5,5,4,False
ISIC_0030608,bkl,2,5,4,True
ISIC_0027271,nv,5,5,4,False
ISIC_0024497,nv,5,5,4,False
ISIC_0028108,nv,5,5,4,False
ISIC_0030313,nv,5,6,4,True
ISIC_0032930,nv,5,5,4,False
ISIC_0031785,nv,5,5,4,False
ISIC_0029266,nv,5,5,4,False
ISIC_0029649,nv,5,5,4,False
ISIC_0031207,nv,5,5,4,False
ISIC_0033723,nv,5,5,4,False
ISIC_0033396,nv,5,5,4,False
ISIC_0034069,nv,5,5,4,False
ISIC_0032673,nv,5,5,4,False
ISIC_0033684,nv,5,5,4,False
ISIC_0027092,nv,5,5,4,False
ISIC_0028100,bkl,2,2,4,False
ISIC_0027043,mel,4,5,4,True
ISIC_0027174,mel,4,5,4,True
ISIC_0034051,mel,4,5,4,True
ISIC_0033377,mel,4,5,4,True
ISIC_0024523,nv,5,5,4,False
ISIC_0029664,nv,5,5,4,False
ISIC_0027197,nv,5,5,4,False
ISIC_0027627,nv,5,5,4,False
ISIC_0032987,mel,4,5,4,True
ISIC_0032962,nv,5,5,4,False
ISIC_0025758,bkl,2,2,4,False
ISIC_0024820,nv,5,5,4,False
ISIC_0029098,nv,5,5,4,False
ISIC_0024485,nv,5,5,4,False
ISIC_0032076,vasc,6,6,4,False
ISIC_0025321,vasc,6,6,4,False
ISIC_0030493,nv,5,5,4,False
ISIC_0029954,nv,5,5,4,False
ISIC_0028841,nv,5,5,4,False
ISIC_0027805,nv,5,5,4,False
ISIC_0029603,bkl,2,0,4,True
ISIC_0028972,bkl,2,3,4,True
ISIC_0026588,nv,5,5,4,False
ISIC_0028097,nv,5,5,4,False
ISIC_0025868,nv,5,5,4,False
ISIC_0029240,nv,5,5,4,False
ISIC_0027065,mel,4,5,4,True
ISIC_0032360,nv,5,5,4,False
ISIC_0033506,nv,5,5,4,False
ISIC_0033600,nv,5,5,4,False
ISIC_0033714,nv,5,5,4,False
ISIC_0024423,nv,5,5,4,False
ISIC_0032715,vasc,6,6,4,False
ISIC_0033991,vasc,6,6,4,False
ISIC_0024576,nv,5,5,4,False
ISIC_0026863,nv,5,5,4,False
ISIC_0025906,bkl,2,2,4,False
ISIC_0027151,bkl,2,5,4,True
ISIC_0028252,nv,5,5,4,False
ISIC_0033997,nv,5,5,4,False
ISIC_0032712,nv,5,5,4,False
ISIC_0033164,nv,5,5,4,False
ISIC_0029385,nv,5,5,4,False
ISIC_0028501,nv,5,5,4,False
ISIC_0028417,nv,5,5,4,False
ISIC_0027442,mel,4,4,4,False
ISIC_0024940,mel,4,4,4,False
ISIC_0031308,nv,5,5,4,False
ISIC_0028981,nv,5,5,4,False
ISIC_0029964,nv,5,5,4,False
ISIC_0033433,nv,5,5,4,False
ISIC_0032934,nv,5,5,4,False
ISIC_0029117,nv,5,5,4,False
ISIC_0025124,nv,5,5,4,False
ISIC_0025775,nv,5,5,4,False
ISIC_0027131,nv,5,5,4,False
ISIC_0024516,mel,4,5,4,True
ISIC_0031009,bcc,1,1,4,False
ISIC_0028568,bcc,1,1,4,False
ISIC_0026034,nv,5,5,4,False
ISIC_0024420,bkl,2,2,4,False
ISIC_0030801,bkl,2,5,4,True
ISIC_0025761,nv,5,5,4,False
ISIC_0030055,nv,5,5,4,False
ISIC_0030361,nv,5,5,4,False
ISIC_0027831,bkl,2,2,4,False
ISIC_0024960,nv,5,5,4,False
ISIC_0028482,nv,5,5,4,False
ISIC_0030473,nv,5,5,4,False
ISIC_0029816,nv,5,5,4,False
ISIC_0029122,nv,5,5,4,False
ISIC_0028778,nv,5,5,4,False
ISIC_0031909,nv,5,5,4,False
ISIC_0029151,nv,5,5,4,False
ISIC_0026969,nv,5,5,4,False
ISIC_0024894,nv,5,5,4,False
ISIC_0029935,nv,5,5,4,False
ISIC_0030199,nv,5,5,4,False
ISIC_0031683,nv,5,5,4,False
ISIC_0032745,vasc,6,5,4,False
ISIC_0032557,vasc,6,3,4,False
ISIC_0033092,vasc,6,6,4,False
ISIC_0034125,bkl,2,2,4,False
ISIC_0033060,bkl,2,2,4,False
ISIC_0032634,nv,5,5,4,False
ISIC_0024361,nv,5,5,4,False
ISIC_0025076,bkl,2,5,4,True
ISIC_0029687,bkl,2,5,4,True
ISIC_0025642,bkl,2,4,4,True
ISIC_0024927,nv,5,5,4,False
ISIC_0031081,nv,5,2,4,True
ISIC_0027005,nv,5,4,4,True
ISIC_0028357,nv,5,5,4,False
ISIC_0029412,bcc,1,1,4,False
ISIC_0032678,nv,5,5,4,False
ISIC_0032296,nv,5,5,4,False
ISIC_0026593,bcc,1,1,4,False
ISIC_0027774,bcc,1,1,4,False
ISIC_0030902,nv,5,5,4,False
ISIC_0026688,nv,5,5,4,False
ISIC_0027537,nv,5,5,4,False
ISIC_0027002,nv,5,5,4,False
ISIC_0026223,nv,5,5,4,False
ISIC_0025013,nv,5,5,4,False
ISIC_0027724,nv,5,5,4,False
ISIC_0031858,nv,5,5,4,False
ISIC_0025194,nv,5,5,4,False
ISIC_0032012,nv,5,5,4,False
ISIC_0034295,nv,5,2,4,True
ISIC_0033929,nv,5,5,4,False
ISIC_0033044,nv,5,5,4,False
ISIC_0030346,bkl,2,2,4,False
ISIC_0026526,bkl,2,2,4,False
ISIC_0033268,mel,4,5,4,True
ISIC_0032750,mel,4,5,4,True
ISIC_0026536,nv,5,5,4,False
ISIC_0029873,nv,5,5,4,False
ISIC_0030838,nv,5,5,4,False
ISIC_0030402,nv,5,5,4,False
ISIC_0031341,nv,5,5,4,False
ISIC_0024329,akiec,0,1,4,False
ISIC_0032401,nv,5,5,4,False
ISIC_0033749,vasc,6,5,4,False
ISIC_0034196,vasc,6,5,4,False
ISIC_0025559,nv,5,5,4,False
ISIC_0034101,mel,4,4,4,False
ISIC_0030333,mel,4,5,4,True
ISIC_0032695,mel,4,4,4,False
ISIC_0027320,bkl,2,4,4,True
ISIC_0029297,df,3,3,4,False
ISIC_0027733,nv,5,5,4,False
ISIC_0033648,nv,5,1,4,True
ISIC_0032825,nv,5,5,4,False
ISIC_0032803,nv,5,1,4,True
ISIC_0033645,nv,5,5,4,False
ISIC_0028829,nv,5,5,4,False
ISIC_0033530,nv,5,5,4,False
ISIC_0033011,nv,5,5,4,False
ISIC_0027153,nv,5,5,4,False
ISIC_0025415,nv,5,5,4,False
ISIC_0030804,nv,5,5,4,False
ISIC_0031817,nv,5,2,4,True
ISIC_0032421,nv,5,2,4,True
ISIC_0026730,nv,5,5,4,False
ISIC_0026890,nv,5,5,4,False
ISIC_0026190,nv,5,5,4,False
ISIC_0025881,nv,5,5,4,False
ISIC_0027289,nv,5,5,4,False
ISIC_0030839,nv,5,5,4,False
ISIC_0029874,nv,5,5,4,False
ISIC_0032162,nv,5,5,4,False
ISIC_0028414,bkl,2,2,4,False
ISIC_0031496,bkl,2,2,4,False
ISIC_0028931,bkl,2,2,4,False
ISIC_0025846,nv,5,5,4,False
ISIC_0027928,nv,5,5,4,False
ISIC_0033043,nv,5,5,4,False
ISIC_0026821,nv,5,5,4,False
ISIC_0032902,nv,5,5,4,False
ISIC_0032948,nv,5,5,4,False
ISIC_0034264,nv,5,5,4,False
ISIC_0029573,akiec,0,4,4,False
ISIC_0027241,nv,5,5,4,False
ISIC_0028288,mel,4,5,4,True
ISIC_0026558,mel,4,5,4,True
ISIC_0026686,nv,5,5,4,False
ISIC_0031636,nv,5,5,4,False
ISIC_0030195,nv,5,5,4,False
ISIC_0029493,nv,5,5,4,False
ISIC_0027900,mel,4,5,4,True
ISIC_0032633,nv,5,5,4,False
ISIC_0034298,nv,5,5,4,False
ISIC_0028640,bkl,2,2,4,False
ISIC_0031445,nv,5,5,4,False
ISIC_0031637,nv,5,5,4,False
ISIC_0029114,nv,5,5,4,False
ISIC_0026627,nv,5,5,4,False
ISIC_0030936,nv,5,5,4,False
ISIC_0026278,nv,5,5,4,False
ISIC_0026696,nv,5,5,4,False
ISIC_0030675,nv,5,5,4,False
ISIC_0032179,bkl,2,5,4,True
ISIC_0024640,mel,4,4,4,False
ISIC_0032007,nv,5,5,4,False
ISIC_0025950,nv,5,5,4,False
ISIC_0028811,nv,5,5,4,False
ISIC_0028110,nv,5,5,4,False
ISIC_0030744,bkl,2,2,4,False
ISIC_0029982,nv,5,1,4,True
ISIC_0031622,nv,5,1,4,True
ISIC_0025913,nv,5,5,4,False
ISIC_0030975,nv,5,5,4,False
ISIC_0024322,nv,5,5,4,False
ISIC_0025914,nv,5,5,4,False
ISIC_0026548,nv,5,5,4,False
ISIC_0032223,nv,5,5,4,False
ISIC_0028472,nv,5,5,4,False
ISIC_0024844,nv,5,5,4,False
ISIC_0024973,df,3,1,4,False
ISIC_0029891,df,3,1,4,False
ISIC_0029916,nv,5,5,4,False
ISIC_0027294,akiec,0,1,4,False
ISIC_0031873,nv,5,5,4,False
ISIC_0026214,nv,5,5,4,False
ISIC_0032650,nv,5,5,4,False
ISIC_0034182,nv,5,5,4,False
ISIC_0025258,nv,5,5,4,False
ISIC_0025012,nv,5,5,4,False
ISIC_0029806,nv,5,5,4,False
ISIC_0026608,nv,5,2,4,True
ISIC_0030334,nv,5,4,4,True
ISIC_0026102,nv,5,5,4,False
ISIC_0033317,mel,4,4,4,False
ISIC_0034269,mel,4,4,4,False
ISIC_0033956,mel,4,5,4,True
ISIC_0029013,mel,4,5,4,True
ISIC_0028005,nv,5,5,4,False
ISIC_0026963,mel,4,2,4,True
ISIC_0028211,mel,4,2,4,True
ISIC_0029511,nv,5,5,4,False
ISIC_0031071,nv,5,5,4,False
ISIC_0031475,nv,5,5,4,False
ISIC_0033246,bkl,2,2,4,False
ISIC_0032843,bkl,2,2,4,False
ISIC_0026544,nv,5,1,4,True
ISIC_0032470,nv,5,1,4,True
ISIC_0030723,bkl,2,2,4,False
ISIC_0024850,bkl,2,5,4,True
ISIC_0030486,mel,4,4,4,False
ISIC_0027975,nv,5,6,4,True
ISIC_0026001,nv,5,5,4,False
ISIC_0029132,nv,5,5,4,False
ISIC_0025920,nv,5,5,4,False
ISIC_0029696,nv,5,5,4,False
ISIC_0032446,nv,5,5,4,False
ISIC_0028787,nv,5,5,4,False
ISIC_0026008,nv,5,5,4,False
ISIC_0026753,nv,5,5,4,False
ISIC_0031134,nv,5,5,4,False
ISIC_0031265,nv,5,5,5,False
ISIC_0031895,nv,5,5,5,False
ISIC_0025282,nv,5,5,5,False
ISIC_0027214,nv,5,5,5,False
ISIC_0028641,nv,5,5,5,False
ISIC_0025087,nv,5,5,5,False
ISIC_0025418,nv,5,5,5,False
ISIC_0028189,nv,5,5,5,False
ISIC_0027215,nv,5,5,5,False
ISIC_0031510,nv,5,4,5,True
ISIC_0026408,nv,5,5,5,False
ISIC_0024698,nv,5,5,5,False
ISIC_0028496,bkl,2,2,5,False
ISIC_0025099,bkl,2,2,5,False
ISIC_0031485,bkl,2,2,5,False
ISIC_0026137,nv,5,5,5,False
ISIC_0027015,nv,5,5,5,False
ISIC_0031498,mel,4,4,5,False
ISIC_0025611,mel,4,4,5,False
ISIC_0028941,akiec,0,0,5,False
ISIC_0025688,nv,5,5,5,False
ISIC_0031257,df,3,3,5,False
ISIC_0026601,nv,5,5,5,False
ISIC_0029289,bkl,2,5,5,True
ISIC_0029912,bkl,2,5,5,True
ISIC_0034048,mel,4,4,5,False
ISIC_0033905,mel,4,4,5,False
ISIC_0033981,mel,4,4,5,False
ISIC_0028294,bkl,2,1,5,True
ISIC_0028662,bkl,2,2,5,False
ISIC_0031349,bkl,2,2,5,False
ISIC_0026263,bkl,2,2,5,False
ISIC_0027133,nv,5,5,5,False
ISIC_0028756,nv,5,5,5,False
ISIC_0032968,mel,4,5,5,True
ISIC_0029265,mel,4,1,5,True
ISIC_0031116,nv,5,5,5,False
ISIC_0031931,mel,4,0,5,True
ISIC_0024654,akiec,0,2,5,False
ISIC_0031430,akiec,0,2,5,False
ISIC_0025496,nv,5,5,5,False
ISIC_0026183,nv,5,5,5,False
ISIC_0026994,nv,5,5,5,False
ISIC_0033546,mel,4,4,5,False
ISIC_0032377,nv,5,5,5,False
ISIC_0033933,nv,5,4,5,True
ISIC_0033447,nv,5,4,5,True
ISIC_0033639,nv,5,4,5,True
ISIC_0028820,akiec,0,0,5,False
ISIC_0026087,nv,5,5,5,False
ISIC_0025966,nv,5,5,5,False
ISIC_0024881,bkl,2,6,5,True
ISIC_0026539,bkl,2,2,5,False
ISIC_0029764,bkl,2,1,5,True
ISIC_0033280,bkl,2,2,5,False
ISIC_0033212,bkl,2,2,5,False
ISIC_0033770,bkl,2,2,5,False
ISIC_0032780,nv,5,4,5,True
ISIC_0033849,nv,5,5,5,False
ISIC_0032861,nv,5,3,5,True
ISIC_0026975,nv,5,5,5,False
ISIC_0025016,bkl,2,2,5,False
ISIC_0029147,bkl,2,2,5,False
ISIC_0026550,nv,5,5,5,False
ISIC_0033543,nv,5,5,5,False
ISIC_0034185,nv,5,5,5,False
ISIC_0025067,nv,5,5,5,False
ISIC_0031494,mel,4,4,5,False
ISIC_0028306,mel,4,4,5,False
ISIC_0026777,nv,5,5,5,False
ISIC_0031268,nv,5,5,5,False
ISIC_0024847,nv,5,5,5,False
ISIC_0032656,mel,4,2,5,True
ISIC_0032592,mel,4,2,5,True
ISIC_0026928,nv,5,5,5,False
ISIC_0027432,nv,5,5,5,False
ISIC_0024907,nv,5,5,5,False
ISIC_0029042,nv,5,5,5,False
ISIC_0028928,bcc,1,5,5,False
ISIC_0031378,bcc,1,2,5,False
ISIC_0029278,bcc,1,1,5,False
ISIC_0032217,nv,5,5,5,False
ISIC_0027032,nv,5,5,5,False
ISIC_0028286,nv,5,5,5,False
ISIC_0031177,mel,4,4,5,False
ISIC_0032161,nv,5,5,5,False
ISIC_0026324,bcc,1,1,5,False
ISIC_0025700,bcc,1,1,5,False
ISIC_0024342,nv,5,5,5,False
ISIC_0034272,nv,5,1,5,True
ISIC_0032911,nv,5,1,5,True
ISIC_0028594,nv,5,5,5,False
ISIC_0033093,nv,5,5,5,False
ISIC_0033501,nv,5,5,5,False
ISIC_0032677,nv,5,5,5,False
ISIC_0031851,bkl,2,4,5,True
ISIC_0030436,bkl,2,1,5,True
ISIC_0026088,nv,5,5,5,False
ISIC_0024556,nv,5,5,5,False
ISIC_0030133,akiec,0,0,5,False
ISIC_0030024,nv,5,5,5,False
ISIC_0026666,nv,5,5,5,False
ISIC_0026552,nv,5,4,5,True
ISIC_0031831,bkl,2,2,5,False
ISIC_0029006,nv,5,5,5,False
ISIC_0032142,nv,5,5,5,False
ISIC_0026976,mel,4,2,5,True
ISIC_0030255,mel,4,5,5,True
ISIC_0029495,mel,4,4,5,False
ISIC_0026256,nv,5,5,5,False
ISIC_0025351,bkl,2,4,5,True
ISIC_0024806,mel,4,4,5,False
ISIC_0027407,mel,4,4,5,False
ISIC_0025712,akiec,0,2,5,False
ISIC_0026280,bkl,2,2,5,False
ISIC_0027811,bkl,2,2,5,False
ISIC_0029284,nv,5,5,5,False
ISIC_0031372,df,3,1,5,False
ISIC_0026313,df,3,3,5,False
ISIC_0031147,nv,5,5,5,False
ISIC_0033427,nv,5,5,5,False
ISIC_0033948,nv,5,5,5,False
ISIC_0033680,nv,5,4,5,True
ISIC_0030806,bkl,2,2,5,False
ISIC_0028388,bkl,2,4,5,True
ISIC_0031647,nv,5,4,5,True
ISIC_0030951,mel,4,5,5,True
ISIC_0031345,bkl,2,2,5,False
ISIC_0028475,nv,5,5,5,False
ISIC_0027090,bcc,1,5,5,False
ISIC_0029703,nv,5,5,5,False
ISIC_0032267,nv,5,5,5,False
ISIC_0030786,nv,5,3,5,True
ISIC_0033029,mel,4,5,5,True
ISIC_0028582,mel,4,5,5,True
ISIC_0025928,bkl,2,1,5,True
ISIC_0031432,nv,5,5,5,False
ISIC_0025922,nv,5,5,5,False
ISIC_0031106,nv,5,5,5,False
ISIC_0026579,nv,5,5,5,False
ISIC_0029962,df,3,2,5,False
ISIC_0031457,df,3,2,5,False
ISIC_0031702,bkl,2,2,5,False
ISIC_0030094,bcc,1,1,5,False
ISIC_0033959,nv,5,1,5,True
ISIC_0032914,nv,5,5,5,False
ISIC_0033309,nv,5,1,5,True
ISIC_0025803,akiec,0,0,5,False
ISIC_0029942,nv,5,5,5,False
ISIC_0031098,nv,5,5,5,False
ISIC_0029477,nv,5,5,5,False
ISIC_0033333,mel,4,5,5,True
ISIC_0033717,mel,4,5,5,True
ISIC_0034120,mel,4,4,5,False
ISIC_0030636,bkl,2,2,5,False
ISIC_0029858,nv,5,5,5,False
ISIC_0034061,mel,4,4,5,False
ISIC_0032716,mel,4,5,5,True
ISIC_0034159,mel,4,4,5,False
ISIC_0025521,nv,5,5,5,False
ISIC_0025239,nv,5,4,5,True
ISIC_0030154,nv,5,5,5,False
ISIC_0030952,nv,5,5,5,False
ISIC_0031099,nv,5,5,5,False
ISIC_0024513,nv,5,5,5,False
ISIC_0028901,mel,4,5,5,True
ISIC_0032098,mel,4,5,5,True
ISIC_0024348,nv,5,5,5,False
ISIC_0030500,nv,5,5,5,False
ISIC_0025854,nv,5,5,5,False
ISIC_0026353,nv,5,5,5,False
ISIC_0024824,nv,5,2,5,True
ISIC_0030666,nv,5,5,5,False
ISIC_0027495,nv,5,5,5,False
ISIC_0031608,nv,5,5,5,False
ISIC_0025458,nv,5,2,5,True
ISIC_0024664,nv,5,5,5,False
ISIC_0033768,nv,5,2,5,True
ISIC_0025257,nv,5,4,5,True
ISIC_0024505,bkl,2,5,5,True
ISIC_0027335,bkl,2,4,5,True
ISIC_0025221,nv,5,5,5,False
ISIC_0032664,nv,5,2,5,True
ISIC_0033461,nv,5,5,5,False
ISIC_0029906,nv,5,5,5,False
ISIC_0030729,nv,5,5,5,False
ISIC_0026553,bkl,2,2,5,False
ISIC_0024376,nv,5,5,5,False
ISIC_0031759,vasc,6,6,5,False
ISIC_0031434,nv,5,5,5,False
ISIC_0027001,nv,5,5,5,False
ISIC_0034190,nv,5,4,5,True
ISIC_0032436,nv,5,5,5,False
ISIC_0025994,nv,5,5,5,False
ISIC_0032885,nv,5,5,5,False
ISIC_0033291,nv,5,4,5,True
ISIC_0034102,nv,5,5,5,False
ISIC_0033152,mel,4,5,5,True
ISIC_0032864,nv,5,5,5,False
ISIC_0033763,nv,5,5,5,False
ISIC_0033650,nv,5,5,5,False
ISIC_0030893,bcc,1,1,5,False
ISIC_0024565,nv,5,5,5,False
ISIC_0031549,nv,5,5,5,False
ISIC_0025119,nv,5,5,5,False
ISIC_0025139,nv,5,5,5,False
ISIC_0030950,mel,4,4,5,False
ISIC_0031276,vasc,6,6,5,False
ISIC_0028264,bkl,2,0,5,True
ISIC_0025526,bkl,2,2,5,False
ISIC_0027946,nv,5,5,5,False
ISIC_0027978,nv,5,1,5,True
ISIC_0032410,df,3,2,5,False
ISIC_0029158,nv,5,5,5,False
ISIC_0033622,nv,5,5,5,False
ISIC_0024449,mel,4,4,5,False
ISIC_0033772,nv,5,4,5,True
ISIC_0031256,nv,5,5,5,False
ISIC_0029184,nv,5,5,5,False
ISIC_0026490,vasc,6,6,5,False
ISIC_0024701,mel,4,5,5,True
ISIC_0030390,mel,4,5,5,True
ISIC_0031484,nv,5,5,5,False
ISIC_0026599,nv,5,4,5,True
ISIC_0029659,akiec,0,0,5,False
ISIC_0033364,nv,5,2,5,True
ISIC_0031301,nv,5,4,5,True
ISIC_0031111,nv,5,4,5,True
ISIC_0031675,nv,5,5,5,False
ISIC_0029383,nv,5,5,5,False
ISIC_0028311,nv,5,5,5,False
ISIC_0025741,nv,5,5,5,False
ISIC_0029952,nv,5,5,5,False
ISIC_0025727,nv,5,5,5,False
ISIC_0031183,nv,5,5,5,False
ISIC_0028804,nv,5,2,5,True
ISIC_0032191,nv,5,5,5,False
ISIC_0024862,nv,5,5,5,False
ISIC_0025147,nv,5,5,5,False
ISIC_0025977,nv,5,5,5,False
ISIC_0028571,nv,5,2,5,True
ISIC_0031573,nv,5,5,5,False
ISIC_0024446,bkl,2,2,5,False
ISIC_0025266,bcc,1,1,5,False
ISIC_0033703,nv,5,5,5,False
ISIC_0034245,nv,5,5,5,False
ISIC_0027888,vasc,6,6,5,False
ISIC_0026837,nv,5,5,5,False
ISIC_0033034,mel,4,4,5,False
ISIC_0034294,mel,4,4,5,False
ISIC_0034202,mel,4,4,5,False
ISIC_0027891,nv,5,5,5,False
ISIC_0032456,bkl,2,5,5,True
ISIC_0025083,bkl,2,2,5,False
ISIC_0029379,nv,5,5,5,False
ISIC_0025894,nv,5,5,5,False
ISIC_0031855,nv,5,5,5,False
ISIC_0029360,akiec,0,1,5,False
ISIC_0026152,akiec,0,1,5,False
ISIC_0024655,nv,5,5,5,False
ISIC_0024650,nv,5,5,5,False
ISIC_0029739,nv,5,5,5,False
ISIC_0030430,nv,5,5,5,False
ISIC_0030110,mel,4,4,5,False
ISIC_0026731,nv,5,5,5,False
ISIC_0032116,bkl,2,0,5,True
ISIC_0026811,mel,4,4,5,False
ISIC_0025188,mel,4,2,5,True
ISIC_0026355,nv,5,5,5,False
ISIC_0024641,nv,5,5,5,False
ISIC_0028892,nv,5,5,5,False
ISIC_0026762,nv,5,5,5,False
ISIC_0026494,nv,5,5,5,False
ISIC_0029488,nv,5,2,5,True
ISIC_0027099,nv,5,2,5,True
ISIC_0030317,nv,5,5,5,False
ISIC_0028845,nv,5,5,5,False
ISIC_0024649,nv,5,5,5,False
ISIC_0027610,nv,5,5,5,False
ISIC_0026476,nv,5,5,5,False
ISIC_0031869,nv,5,5,5,False
ISIC_0027198,nv,5,5,5,False
ISIC_0025779,nv,5,5,5,False
ISIC_0029475,nv,5,5,5,False
ISIC_0029894,nv,5,5,5,False
ISIC_0031124,nv,5,5,5,False
ISIC_0034072,nv,5,1,5,True
ISIC_0034191,nv,5,5,5,False
ISIC_0033719,nv,5,5,5,False
ISIC_0029050,nv,5,5,5,False
ISIC_0027110,nv,5,5,5,False
ISIC_0034244,nv,5,5,5,False
ISIC_0032855,nv,5,2,5,True
ISIC_0032792,nv,5,5,5,False
ISIC_0028345,nv,5,5,5,False
ISIC_0028595,nv,5,5,5,False
ISIC_0029522,bkl,2,4,5,True
ISIC_0027688,nv,5,5,5,False
ISIC_0024704,nv,5,5,5,False
ISIC_0031467,nv,5,5,5,False
ISIC_0026417,df,3,3,5,False
ISIC_0028735,df,3,5,5,False
ISIC_0029472,bkl,2,5,5,True
ISIC_0029682,bkl,2,5,5,True
ISIC_0030745,nv,5,5,5,False
ISIC_0030272,bkl,2,2,5,False
ISIC_0025555,nv,5,5,5,False
ISIC_0032242,nv,5,5,5,False
ISIC_0024317,nv,5,5,5,False
ISIC_0026794,bkl,2,5,5,True
ISIC_0029065,nv,5,5,5,False
ISIC_0026074,bcc,1,1,5,False
ISIC_0032089,nv,5,5,5,False
ISIC_0032369,nv,5,5,5,False
ISIC_0028708,nv,5,5,5,False
ISIC_0025980,df,3,5,5,False
ISIC_0026082,nv,5,5,5,False
ISIC_0032705,nv,5,5,5,False
ISIC_0034198,nv,5,5,5,False
ISIC_0033658,nv,5,5,5,False
ISIC_0033046,nv,5,5,5,False
ISIC_0032689,nv,5,4,5,True
ISIC_0026582,nv,5,5,5,False
ISIC_0030648,nv,5,5,5,False
ISIC_0027514,nv,5,5,5,False
ISIC_0025657,nv,5,5,5,False
ISIC_0031393,nv,5,5,5,False
ISIC_0026564,nv,5,5,5,False
ISIC_0025995,nv,5,5,5,False
ISIC_0029959,nv,5,5,5,False
ISIC_0033820,mel,4,2,5,True
ISIC_0033814,mel,4,2,5,True
ISIC_0026312,nv,5,4,5,True
ISIC_0029897,bkl,2,2,5,False
ISIC_0032931,nv,5,5,5,False
ISIC_0025078,nv,5,5,5,False
ISIC_0025516,nv,5,5,5,False
ISIC_0029835,nv,5,5,5,False
ISIC_0028101,nv,5,5,5,False
ISIC_0028554,nv,5,5,5,False
ISIC_0030550,nv,5,5,5,False
ISIC_0026827,bkl,2,2,5,False
ISIC_0027842,nv,5,5,5,False
ISIC_0033275,mel,4,4,5,False
ISIC_0033938,mel,4,4,5,False
ISIC_0032841,mel,4,5,5,True
ISIC_0031839,nv,5,5,5,False
ISIC_0026455,nv,5,5,5,False
ISIC_0028265,nv,5,5,5,False
ISIC_0029534,nv,5,3,5,True
ISIC_0025485,bkl,2,2,5,False
ISIC_0031625,nv,5,5,5,False
ISIC_0031653,nv,5,5,5,False
ISIC_0027461,nv,5,4,5,True
ISIC_0025310,nv,5,5,5,False
ISIC_0026752,nv,5,4,5,True
ISIC_0030337,nv,5,5,5,False
ISIC_0028848,nv,5,5,5,False
ISIC_0030904,nv,5,5,5,False
ISIC_0029710,nv,5,5,5,False
ISIC_0024981,bkl,2,5,5,True
ISIC_0024984,bcc,1,1,5,False
ISIC_0029857,bcc,1,4,5,False
ISIC_0026205,bkl,2,2,5,False
ISIC_0028939,nv,5,5,5,False
ISIC_0032652,bcc,1,1,5,False
ISIC_0033551,bcc,1,1,5,False
ISIC_0033571,bcc,1,1,5,False
ISIC_0025797,nv,5,5,5,False
ISIC_0031706,vasc,6,6,5,False
ISIC_0030166,nv,5,5,5,False
ISIC_0029073,nv,5,5,5,False
ISIC_0029939,nv,5,5,5,False
ISIC_0028538,nv,5,5,5,False
ISIC_0027804,nv,5,5,5,False
ISIC_0024638,nv,5,5,5,False
ISIC_0024932,mel,4,4,5,False
ISIC_0029480,mel,4,2,5,True
ISIC_0029604,nv,5,5,5,False
ISIC_0024717,nv,5,5,5,False
ISIC_0029014,bkl,2,5,5,True
ISIC_0031213,nv,5,5,5,False
ISIC_0026219,bkl,2,2,5,False
ISIC_0025670,nv,5,5,5,False
ISIC_0025898,nv,5,5,5,False
ISIC_0027820,bkl,2,2,5,False
ISIC_0030234,nv,5,5,5,False
ISIC_0026690,mel,4,5,5,True
ISIC_0026114,nv,5,5,5,False
ISIC_0027630,nv,5,5,5,False
ISIC_0024478,nv,5,5,5,False
ISIC_0030622,nv,5,5,5,False
ISIC_0029478,nv,5,5,5,False
ISIC_0031377,mel,4,2,5,True
ISIC_0025140,bkl,2,2,5,False
ISIC_0025554,bkl,2,2,5,False
ISIC_0025431,bkl,2,2,5,False
ISIC_0026778,nv,5,5,5,False
ISIC_0025910,nv,5,5,5,False
ISIC_0033507,bkl,2,2,5,False
ISIC_0033791,bkl,2,2,5,False
ISIC_0025212,nv,5,5,5,False
ISIC_0024855,nv,5,5,5,False
ISIC_0026497,nv,5,5,5,False
ISIC_0030640,nv,5,5,5,False
ISIC_0026367,nv,5,5,5,False
ISIC_0033180,mel,4,6,5,True
ISIC_0033962,mel,4,6,5,True
ISIC_0033603,mel,4,5,5,True
ISIC_0031963,nv,5,5,5,False
ISIC_0032473,nv,5,5,5,False
ISIC_0026241,nv,5,5,5,False
ISIC_0026949,nv,5,5,5,False
ISIC_0025437,nv,5,5,5,False
ISIC_0029116,nv,5,5,5,False
ISIC_0024346,nv,5,5,5,False
ISIC_0026988,bcc,1,1,5,False
ISIC_0032234,nv,5,5,5,False
ISIC_0032203,akiec,0,1,5,False
ISIC_0029575,mel,4,4,5,False
ISIC_0028361,mel,4,4,5,False
ISIC_0026049,nv,5,5,5,False
ISIC_0031155,nv,5,5,5,False
ISIC_0033611,mel,4,4,5,False
ISIC_0033586,mel,4,4,5,False
ISIC_0033226,mel,4,5,5,True
ISIC_0029171,nv,5,5,5,False
ISIC_0030761,nv,5,5,5,False
ISIC_0031564,nv,5,5,5,False
ISIC_0029162,nv,5,5,5,False
ISIC_0032616,nv,5,5,5,False
ISIC_0028526,nv,5,5,5,False
ISIC_0027017,bkl,2,0,5,True
ISIC_0028187,nv,5,5,5,False
ISIC_0029466,bcc,1,1,5,False
ISIC_0027057,bcc,1,1,5,False
ISIC_0028563,nv,5,5,5,False
ISIC_0030302,nv,5,5,5,False
ISIC_0032286,nv,5,5,5,False
ISIC_0031876,bkl,2,2,5,False
ISIC_0030542,bkl,2,5,5,True
ISIC_0031971,bcc,1,1,5,False
ISIC_0031721,bcc,1,1,5,False
ISIC_0027757,nv,5,5,5,False
ISIC_0026819,nv,5,5,5,False
ISIC_0026701,nv,5,5,5,False
ISIC_0032305,nv,5,5,5,False
ISIC_0025988,nv,5,5,5,False
ISIC_0029419,nv,5,5,5,False
ISIC_0031397,nv,5,5,5,False
ISIC_0033607,mel,4,5,5,True
ISIC_0033568,mel,4,5,5,True
ISIC_0028970,bkl,2,2,5,False
ISIC_0031269,nv,5,5,5,False
ISIC_0028052,bkl,2,5,5,True
ISIC_0025014,nv,5,5,5,False
ISIC_0029722,nv,5,5,5,False
ISIC_0025897,nv,5,4,5,True
ISIC_0033955,nv,5,5,5,False
ISIC_0033822,nv,5,5,5,False
ISIC_0029361,nv,5,5,5,False
ISIC_0031273,nv,5,5,5,False
ISIC_0025587,nv,5,5,5,False
ISIC_0027382,nv,5,5,5,False
ISIC_0024356,nv,5,4,5,True
ISIC_0028307,nv,5,4,5,True
ISIC_0031993,akiec,0,0,5,False
ISIC_0029500,akiec,0,0,5,False
ISIC_0027248,nv,5,4,5,True
ISIC_0027567,nv,5,4,5,True
ISIC_0030489,nv,5,5,5,False
ISIC_0030544,nv,5,5,5,False
ISIC_0030962,nv,5,5,5,False
ISIC_0024364,nv,5,3,5,True
ISIC_0028500,nv,5,5,5,False
ISIC_0026655,nv,5,4,5,True
ISIC_0034173,mel,4,5,5,True
ISIC_0033454,mel,4,2,5,True
ISIC_0030262,nv,5,5,5,False
ISIC_0027456,nv,5,5,5,False
ISIC_0026645,akiec,0,0,5,False
ISIC_0025047,nv,5,5,5,False
ISIC_0028955,nv,5,5,5,False
ISIC_0027828,bkl,2,2,5,False
ISIC_0029291,bkl,2,2,5,False
ISIC_0026449,nv,5,5,5,False
ISIC_0030300,nv,5,5,5,False
ISIC_0027976,bcc,1,1,5,False
ISIC_0031402,nv,5,5,5,False
ISIC_0031296,nv,5,5,5,False
ISIC_0031698,bcc,1,1,5,False
ISIC_0026962,nv,5,5,5,False
ISIC_0030611,nv,5,5,5,False
ISIC_0032366,nv,5,5,5,False
ISIC_0024328,nv,5,4,5,True
ISIC_0026764,nv,5,4,5,True
ISIC_0025731,bcc,1,1,5,False
ISIC_0028670,bcc,1,1,5,False
ISIC_0034036,mel,4,4,5,False
ISIC_0034216,mel,4,4,5,False
ISIC_0033012,bcc,1,1,5,False
ISIC_0033468,bcc,1,1,5,False
ISIC_0026616,nv,5,5,5,False
ISIC_0032480,nv,5,5,5,False
ISIC_0030373,nv,5,5,5,False
ISIC_0031067,nv,5,5,5,False
ISIC_0032610,mel,4,6,5,True
ISIC_0033279,mel,4,5,5,True
ISIC_0032887,mel,4,5,5,True
ISIC_0025887,nv,5,5,5,False
ISIC_0032510,nv,5,5,5,False
ISIC_0032858,nv,5,4,5,True
ISIC_0033965,nv,5,5,5,False
ISIC_0030645,nv,5,5,5,False
ISIC_0034267,nv,5,5,5,False
ISIC_0033137,nv,5,5,5,False
ISIC_0032953,nv,5,4,5,True
ISIC_0028937,bcc,1,1,5,False
ISIC_0029661,nv,5,5,5,False
ISIC_0025705,nv,5,5,5,False
ISIC_0028658,nv,5,5,5,False
ISIC_0026171,akiec,0,2,5,False
ISIC_0030655,akiec,0,0,5,False
ISIC_0024768,nv,5,5,5,False
ISIC_0026704,bkl,2,2,5,False
ISIC_0026523,bkl,2,2,5,False
ISIC_0028451,bkl,2,2,5,False
ISIC_0034140,mel,4,1,5,True
ISIC_0034256,mel,4,1,5,True
ISIC_0032984,mel,4,4,5,False
ISIC_0026594,nv,5,5,5,False
ISIC_0030932,mel,4,2,5,True
ISIC_0030490,nv,5,5,5,False
ISIC_0025267,nv,5,5,5,False
ISIC_0029581,nv,5,5,5,False
ISIC_0028121,bkl,2,2,5,False
ISIC_0030969,nv,5,5,5,False
ISIC_0032147,nv,5,5,5,False
ISIC_0028611,bkl,2,1,5,True
ISIC_0031528,bkl,2,4,5,True
ISIC_0028615,bkl,2,2,5,False
ISIC_0025822,nv,5,5,5,False
ISIC_0028392,nv,5,5,5,False
ISIC_0026824,nv,5,5,5,False
ISIC_0025604,nv,5,5,5,False
ISIC_0028042,nv,5,4,5,True
ISIC_0030229,nv,5,5,5,False
ISIC_0027995,nv,5,5,5,False
ISIC_0025334,nv,5,5,5,False
ISIC_0029749,nv,5,4,5,True
ISIC_0028480,nv,5,5,5,False
ISIC_0031560,nv,5,5,5,False
ISIC_0025809,nv,5,5,5,False
ISIC_0028001,nv,5,5,5,False
ISIC_0025867,bkl,2,2,5,False
ISIC_0025417,bcc,1,1,5,False
ISIC_0028035,bcc,1,1,5,False
ISIC_0030209,nv,5,5,5,False
ISIC_0024933,nv,5,5,5,False
ISIC_0027220,nv,5,5,5,False
ISIC_0029494,nv,5,5,5,False
ISIC_0031843,nv,5,5,5,False
ISIC_0029231,nv,5,5,5,False
ISIC_0030144,nv,5,4,5,True
ISIC_0028909,nv,5,5,5,False
ISIC_0026246,nv,5,5,5,False
ISIC_0029210,akiec,0,1,5,False
ISIC_0030825,akiec,0,1,5,False
ISIC_0031815,nv,5,5,5,False
ISIC_0029155,nv,5,5,5,False
ISIC_0029304,nv,5,5,5,False
ISIC_0031955,vasc,6,5,5,False
ISIC_0031196,bkl,2,2,5,False
ISIC_0025451,mel,4,5,5,True
ISIC_0027381,nv,5,5,5,False
ISIC_0030833,nv,5,2,5,True
ISIC_0031880,nv,5,5,5,False
ISIC_0029377,nv,5,5,5,False
ISIC_0030536,nv,5,5,5,False
ISIC_0031511,bkl,2,2,5,False
ISIC_0028216,nv,5,4,5,True
ISIC_0028179,nv,5,5,5,False
ISIC_0031750,nv,5,5,5,False
ISIC_0030710,nv,5,5,5,False
ISIC_0032438,nv,5,5,5,False
ISIC_0030026,bkl,2,2,5,False
ISIC_0028214,nv,5,5,5,False
ISIC_0025453,nv,5,2,5,True
ISIC_0032092,bcc,1,1,5,False
ISIC_0024787,bcc,1,1,5,False
ISIC_0025177,nv,5,5,5,False
ISIC_0027530,nv,5,5,5,False
ISIC_0030379,nv,5,5,5,False
ISIC_0025635,nv,5,5,5,False
ISIC_0030307,nv,5,5,5,False
ISIC_0030353,nv,5,5,5,False
ISIC_0026602,nv,5,5,5,False
ISIC_0025151,nv,5,5,5,False
ISIC_0031339,mel,4,0,5,True
ISIC_0032476,mel,4,0,5,True
ISIC_0029353,mel,4,0,5,True
ISIC_0029130,df,3,3,5,False
ISIC_0025179,nv,5,4,5,True
ISIC_0026216,nv,5,4,5,True
ISIC_0026297,nv,5,4,5,True
ISIC_0030472,nv,5,5,5,False
ISIC_0030217,nv,5,5,5,False
ISIC_0032806,mel,4,4,5,False
ISIC_0027414,nv,5,5,5,False
ISIC_0025742,nv,5,5,5,False
ISIC_0032141,nv,5,5,5,False
ISIC_0026167,mel,4,5,5,True
ISIC_0028984,mel,4,2,5,True
ISIC_0032197,mel,4,5,5,True
ISIC_0024919,nv,5,5,5,False
ISIC_0024827,nv,5,2,5,True
ISIC_0031304,nv,5,5,5,False
ISIC_0033158,vasc,6,6,5,False
ISIC_0032867,vasc,6,5,5,False
ISIC_0032545,vasc,6,6,5,False
ISIC_0031885,nv,5,5,5,False
ISIC_0024803,nv,5,5,5,False
ISIC_0027582,nv,5,4,5,True
ISIC_0025159,nv,5,5,5,False
ISIC_0025214,nv,5,4,5,True
ISIC_0028107,bcc,1,0,5,False
ISIC_0034319,nv,5,5,5,False
ISIC_0033748,nv,5,5,5,False
ISIC_0034044,nv,5,5,5,False
ISIC_0029054,nv,5,4,5,True
ISIC_0029833,nv,5,5,5,False
ISIC_0026734,nv,5,5,5,False
ISIC_0034239,mel,4,5,5,True
ISIC_0034287,mel,4,4,5,False
ISIC_0030968,nv,5,5,5,False
ISIC_0029381,nv,5,5,5,False
ISIC_0029839,mel,4,4,5,False
ISIC_0032483,nv,5,5,5,False
ISIC_0025022,nv,5,5,5,False
ISIC_0032038,nv,5,5,5,False
ISIC_0025616,mel,4,5,5,True
ISIC_0032411,nv,5,5,5,False
ISIC_0026631,bkl,2,2,5,False
ISIC_0024490,bkl,2,2,5,False
ISIC_0024418,akiec,0,5,5,False
ISIC_0027343,akiec,0,5,5,False
ISIC_0033421,nv,5,5,5,False
ISIC_0033495,nv,5,5,5,False
ISIC_0033161,nv,5,5,5,False
ISIC_0032796,nv,5,4,5,True
ISIC_0025176,nv,5,5,5,False
ISIC_0033970,nv,5,5,5,False
ISIC_0029692,nv,5,5,5,False
ISIC_0031536,nv,5,5,5,False
ISIC_0028942,nv,5,5,5,False
ISIC_0026168,nv,5,5,5,False
ISIC_0032942,nv,5,5,5,False
ISIC_0032628,nv,5,4,5,True
ISIC_0027560,mel,4,4,5,False
ISIC_0031828,nv,5,5,5,False
ISIC_0031211,akiec,0,0,5,False
ISIC_0027278,nv,5,5,5,False
ISIC_0029723,nv,5,5,5,False
ISIC_0029308,bkl,2,2,5,False
ISIC_0031426,nv,5,5,5,False
ISIC_0029201,bcc,1,6,5,False
ISIC_0026439,bcc,1,1,5,False
ISIC_0029779,bcc,1,6,5,False
ISIC_0026419,nv,5,5,5,False
ISIC_0027052,nv,5,5,5,False
ISIC_0024428,nv,5,5,5,False
ISIC_0025537,nv,5,5,5,False
ISIC_0029697,nv,5,5,5,False
ISIC_0032711,nv,5,5,5,False
ISIC_0033207,nv,5,5,5,False
ISIC_0032558,nv,5,5,5,False
ISIC_0030572,nv,5,5,5,False
ISIC_0030528,bcc,1,5,5,False
ISIC_0026850,nv,5,5,5,False
ISIC_0030428,nv,5,5,5,False
ISIC_0032459,nv,5,5,5,False
ISIC_0027262,nv,5,5,5,False
ISIC_0024916,nv,5,5,5,False
ISIC_0025895,nv,5,5,5,False
ISIC_0027145,nv,5,5,5,False
ISIC_0028503,bkl,2,5,5,True
ISIC_0032169,nv,5,5,5,False
ISIC_0031566,nv,5,5,5,False
ISIC_0028588,nv,5,2,5,True
ISIC_0031681,nv,5,5,5,False
ISIC_0026886,nv,5,5,5,False
ISIC_0027942,nv,5,5,5,False
ISIC_0032359,bkl,2,2,5,False
ISIC_0028432,nv,5,5,5,False
ISIC_0030280,akiec,0,0,5,False
ISIC_0030563,nv,5,5,5,False
ISIC_0033077,nv,5,5,5,False
ISIC_0033951,nv,5,5,5,False
ISIC_0033149,nv,5,5,5,False
ISIC_0030478,nv,5,5,5,False
ISIC_0028802,nv,5,5,5,False
ISIC_0033277,nv,5,5,5,False
ISIC_0027739,bkl,2,2,5,False
ISIC_0024511,akiec,0,5,5,False
ISIC_0025637,akiec,0,2,5,False
ISIC_0026828,nv,5,5,5,False
ISIC_0025082,nv,5,5,5,False
ISIC_0031380,nv,5,4,5,True
ISIC_0027521,nv,5,5,5,False
ISIC_0028908,nv,5,5,5,False
ISIC_0027016,nv,5,5,5,False
ISIC_0029235,bkl,2,2,5,False
ISIC_0028444,nv,5,5,5,False
ISIC_0025997,nv,5,5,5,False
ISIC_0029555,bkl,2,2,5,False
ISIC_0024860,nv,5,5,5,False
ISIC_0031612,nv,5,5,5,False
ISIC_0029594,nv,5,5,5,False
ISIC_0031556,bkl,2,5,5,True
ISIC_0033583,bkl,2,2,5,False
ISIC_0033465,bkl,2,2,5,False
ISIC_0031129,nv,5,5,5,False
ISIC_0032304,bkl,2,2,5,False
ISIC_0031639,bkl,2,2,5,False
ISIC_0033837,nv,5,5,5,False
ISIC_0032612,nv,5,5,5,False
ISIC_0034039,nv,5,5,5,False
ISIC_0031272,bcc,1,1,5,False
ISIC_0032324,nv,5,5,5,False
ISIC_0024564,bcc,1,1,5,False
ISIC_0025322,bcc,1,1,5,False
ISIC_0026805,nv,5,4,5,True
ISIC_0024680,nv,5,5,5,False
ISIC_0029465,nv,5,4,5,True
ISIC_0027815,bkl,2,2,5,False
ISIC_0027008,df,3,3,5,False
ISIC_0028790,df,3,3,5,False
ISIC_0034167,bkl,2,2,5,False
ISIC_0033949,bkl,2,4,5,True
ISIC_0030095,bkl,2,0,5,True
ISIC_0031394,bkl,2,0,5,True
ISIC_0030813,bcc,1,1,5,False
ISIC_0030676,nv,5,5,5,False
ISIC_0027732,nv,5,5,5,False
ISIC_0029328,nv,5,2,5,True
ISIC_0030384,nv,5,5,5,False
ISIC_0024807,nv,5,5,5,False
ISIC_0030501,mel,4,4,5,False
ISIC_0030647,nv,5,5,5,False
ISIC_0025524,mel,4,2,5,True
ISIC_0025963,mel,4,5,5,True
ISIC_0025121,mel,4,5,5,True
ISIC_0031782,nv,5,5,5,False
ISIC_0028075,mel,4,0,5,True
ISIC_0026823,mel,4,0,5,True
ISIC_0031058,nv,5,5,5,False
ISIC_0030220,nv,5,5,5,False
ISIC_0033324,mel,4,4,5,False
ISIC_0034316,mel,4,4,5,False
ISIC_0033710,mel,4,4,5,False
ISIC_0030278,nv,5,5,5,False
ISIC_0032205,nv,5,5,5,False
ISIC_0032691,nv,5,5,5,False
ISIC_0032540,nv,5,4,5,True
ISIC_0032573,nv,5,5,5,False
ISIC_0027204,mel,4,2,5,True
ISIC_0031028,nv,5,5,5,False
ISIC_0031035,nv,5,5,5,False
ISIC_0027692,nv,5,5,5,False
ISIC_0029699,nv,5,5,5,False
ISIC_0030263,nv,5,5,5,False
ISIC_0031242,nv,5,5,5,False
ISIC_0032507,nv,5,5,5,False
ISIC_0026496,bcc,1,1,5,False
ISIC_0032982,mel,4,5,5,True
ISIC_0033196,mel,4,4,5,False
ISIC_0032653,mel,4,5,5,True
ISIC_0030498,nv,5,5,5,False
ISIC_0032660,bcc,1,1,5,False
ISIC_0033504,bcc,1,1,5,False
ISIC_0025500,mel,4,2,5,True
ISIC_0030277,mel,4,2,5,True
ISIC_0029564,bcc,1,1,5,False
ISIC_0025170,nv,5,4,5,True
ISIC_0031811,nv,5,4,5,True
ISIC_0024520,nv,5,4,5,True
ISIC_0026344,nv,5,5,5,False
ISIC_0032050,nv,5,5,5,False
ISIC_0026972,nv,5,5,5,False
ISIC_0027296,nv,5,5,5,False
ISIC_0027511,nv,5,5,5,False
ISIC_0025745,nv,5,5,5,False
ISIC_0026858,nv,5,5,5,False
ISIC_0031718,mel,4,4,5,False
ISIC_0028899,mel,4,4,5,False
ISIC_0033641,nv,5,5,5,False
ISIC_0033527,nv,5,5,5,False
ISIC_0032895,nv,5,5,5,False
ISIC_0027309,nv,5,5,5,False
ISIC_0027481,nv,5,5,5,False
ISIC_0027655,nv,5,5,5,False
ISIC_0033534,mel,4,4,5,False
ISIC_0032626,mel,4,4,5,False
ISIC_0027783,nv,5,5,5,False
ISIC_0031036,nv,5,5,5,False
ISIC_0026820,nv,5,5,5,False
ISIC_0024817,nv,5,5,5,False
ISIC_0026430,mel,4,0,5,True
ISIC_0026268,mel,4,4,5,False
ISIC_0031179,nv,5,5,5,False
ISIC_0029438,nv,5,4,5,True
ISIC_0030200,nv,5,5,5,False
ISIC_0025426,nv,5,5,5,False
ISIC_0025008,nv,5,2,5,True
ISIC_0025735,nv,5,2,5,True
ISIC_0030183,mel,4,4,5,False
ISIC_0024493,nv,5,5,5,False
ISIC_0024515,bcc,1,1,5,False
ISIC_0031450,bcc,1,1,5,False
ISIC_0026556,bkl,2,2,5,False
ISIC_0030383,bkl,2,2,5,False
ISIC_0025465,bkl,2,2,5,False
ISIC_0028073,nv,5,5,5,False
ISIC_0029727,nv,5,5,5,False
ISIC_0027324,nv,5,5,5,False
ISIC_0027542,nv,5,5,5,False
ISIC_0030375,akiec,0,0,5,False
ISIC_0030958,nv,5,5,5,False
ISIC_0034290,nv,5,5,5,False
ISIC_0033165,nv,5,5,5,False
ISIC_0033430,nv,5,5,5,False
ISIC_0032453,nv,5,5,5,False
ISIC_0031150,bkl,2,2,5,False
ISIC_0029888,nv,5,5,5,False
ISIC_0025478,nv,5,5,5,False
ISIC_0031754,nv,5,5,5,False
ISIC_0029803,nv,5,5,5,False
ISIC_0024716,nv,5,5,5,False
ISIC_0034286,nv,5,5,5,False
ISIC_0033373,nv,5,2,5,True
ISIC_0027685,nv,5,5,5,False
ISIC_0029805,bcc,1,1,5,False
ISIC_0026422,bkl,2,2,5,False
ISIC_0031437,nv,5,5,5,False
ISIC_0026062,nv,5,5,5,False
ISIC_0027668,akiec,0,5,5,False
ISIC_0030792,nv,5,5,5,False
ISIC_0025655,nv,5,5,5,False
ISIC_0026647,mel,4,4,5,False
ISIC_0026426,nv,5,5,5,False
ISIC_0034084,nv,5,5,5,False
ISIC_0033273,nv,5,4,5,True
ISIC_0034176,nv,5,5,5,False
ISIC_0029929,bkl,2,2,5,False
ISIC_0026634,bkl,2,2,5,False
ISIC_0030552,mel,4,5,5,True
ISIC_0031692,akiec,0,0,5,False
ISIC_0031390,nv,5,5,5,False
ISIC_0027000,nv,5,5,5,False
ISIC_0031749,bcc,1,1,5,False
ISIC_0029847,bcc,1,6,5,False
ISIC_0027932,nv,5,5,5,False
ISIC_0029365,nv,5,5,5,False
ISIC_0024626,bkl,2,2,5,False
ISIC_0031321,bkl,2,0,5,True
ISIC_0030243,nv,5,5,5,False
ISIC_0032058,nv,5,5,5,False
ISIC_0027102,mel,4,4,5,False
ISIC_0029744,mel,4,4,5,False
ISIC_0031410,mel,4,4,5,False
ISIC_0027690,nv,5,5,5,False
ISIC_0033260,bkl,2,2,5,False
ISIC_0032643,bkl,2,2,5,False
ISIC_0033732,bkl,2,2,5,False
ISIC_0030296,nv,5,5,5,False
ISIC_0028572,nv,5,5,5,False
ISIC_0025767,bkl,2,2,5,False
ISIC_0032417,bkl,2,2,5,False
ISIC_0031491,nv,5,5,5,False
ISIC_0032477,nv,5,5,5,False
ISIC_0026050,nv,5,5,5,False
ISIC_0025162,nv,5,5,5,False
ISIC_0025389,bkl,2,2,5,False
ISIC_0031238,nv,5,2,5,True
ISIC_0026374,nv,5,2,5,True
ISIC_0026409,bkl,2,1,5,True
ISIC_0025345,bkl,2,2,5,False
ISIC_0032303,bkl,2,5,5,True
ISIC_0032103,bkl,2,1,5,True
ISIC_0024825,bkl,2,2,5,False
ISIC_0030454,nv,5,5,5,False
ISIC_0031482,nv,5,5,5,False
ISIC_0032944,nv,5,5,5,False
ISIC_0033516,nv,5,5,5,False
ISIC_0031957,mel,4,5,5,True
ISIC_0025566,nv,5,5,5,False
ISIC_0027277,mel,4,4,5,False
ISIC_0028642,mel,4,4,5,False
ISIC_0027985,nv,5,5,5,False
ISIC_0026987,nv,5,5,5,False
ISIC_0029536,nv,5,5,5,False
ISIC_0031879,nv,5,5,5,False
ISIC_0024671,nv,5,5,5,False
ISIC_0030991,akiec,0,0,5,False
ISIC_0027119,nv,5,5,5,False
ISIC_0030575,mel,4,5,5,True
ISIC_0025039,nv,5,5,5,False
ISIC_0025618,nv,5,5,5,False
ISIC_0025648,nv,5,5,5,False
ISIC_0034111,nv,5,5,5,False
ISIC_0032676,nv,5,5,5,False
ISIC_0034077,nv,5,5,5,False
ISIC_0032523,nv,5,5,5,False
ISIC_0033159,nv,5,5,5,False
ISIC_0025951,nv,5,5,5,False
ISIC_0028985,nv,5,5,5,False
ISIC_0029707,nv,5,5,5,False
ISIC_0032440,nv,5,5,5,False
ISIC_0029175,nv,5,5,5,False
ISIC_0024949,bcc,1,1,5,False
ISIC_0024956,nv,5,5,5,False
ISIC_0029062,bkl,2,5,5,True
ISIC_0028117,nv,5,5,5,False
ISIC_0032149,mel,4,4,5,False
ISIC_0024733,mel,4,4,5,False
ISIC_0031614,bcc,1,2,5,False
ISIC_0026032,nv,5,2,5,True
ISIC_0030008,nv,5,2,5,True
ISIC_0028322,nv,5,5,5,False
ISIC_0024779,nv,5,5,5,False
ISIC_0024568,nv,5,5,5,False
ISIC_0032940,mel,4,4,5,False
ISIC_0031627,nv,5,5,5,False
ISIC_0031201,vasc,6,6,5,False
ISIC_0032237,nv,5,5,5,False
ISIC_0030587,nv,5,5,5,False
ISIC_0025832,mel,4,5,5,True
ISIC_0026105,mel,4,4,5,False
ISIC_0026788,nv,5,5,5,False
ISIC_0029759,nv,5,5,5,False
ISIC_0027680,bkl,2,1,5,True
ISIC_0026904,nv,5,5,5,False
ISIC_0030740,nv,5,5,5,False
ISIC_0026600,nv,5,5,5,False
ISIC_0028257,nv,5,5,5,False
ISIC_0032085,nv,5,5,5,False
ISIC_0028115,nv,5,4,5,True
ISIC_0029950,nv,5,5,5,False
ISIC_0027463,bkl,2,2,5,False
ISIC_0025810,bkl,2,2,5,False
ISIC_0025475,nv,5,5,5,False
ISIC_0030224,nv,5,5,5,False
ISIC_0025531,mel,4,2,5,True
ISIC_0028285,mel,4,5,5,True
ISIC_0032578,nv,5,5,5,False
ISIC_0025878,nv,5,5,5,False
ISIC_0024341,nv,5,5,5,False
ISIC_0028208,nv,5,5,5,False
ISIC_0025535,nv,5,5,5,False
ISIC_0032976,mel,4,4,5,False
ISIC_0033274,mel,4,4,5,False
ISIC_0026745,mel,4,4,5,False
ISIC_0026436,nv,5,5,5,False
ISIC_0030202,nv,5,5,5,False
ISIC_0025433,bcc,1,1,5,False
ISIC_0026411,akiec,0,0,5,False
ISIC_0028547,nv,5,5,5,False
ISIC_0033621,nv,5,5,5,False
ISIC_0034116,nv,5,4,5,True
ISIC_0034073,nv,5,4,5,True
ISIC_0031456,nv,5,5,5,False
ISIC_0026438,mel,4,4,5,False
ISIC_0028126,mel,4,5,5,True
ISIC_0027486,nv,5,4,5,True
ISIC_0024390,nv,5,5,5,False
ISIC_0025957,akiec,0,1,5,False
ISIC_0025605,akiec,0,5,5,False
ISIC_0027661,nv,5,5,5,False
ISIC_0029974,bcc,1,1,5,False
ISIC_0031597,bcc,1,1,5,False
ISIC_0034169,df,3,1,5,False
ISIC_0032941,df,3,1,5,False
ISIC_0030100,nv,5,5,5,False
ISIC_0027230,nv,5,5,5,False
ISIC_0031420,nv,5,5,5,False
ISIC_0030610,nv,5,5,5,False
ISIC_0024694,nv,5,5,5,False
ISIC_0031532,nv,5,5,5,False
ISIC_0033842,nv,5,5,5,False
ISIC_0032923,nv,5,5,5,False
ISIC_0032828,nv,5,5,5,False
ISIC_0027305,nv,5,5,5,False
ISIC_0027718,nv,5,5,5,False
ISIC_0027914,nv,5,5,5,False
ISIC_0025368,akiec,0,1,5,False
ISIC_0026289,nv,5,5,5,False
ISIC_0029195,bkl,2,2,5,False
ISIC_0026693,vasc,6,6,5,False
ISIC_0027983,vasc,6,6,5,False
ISIC_0033697,nv,5,5,5,False
ISIC_0028299,nv,5,2,5,True
ISIC_0031282,nv,5,5,5,False
ISIC_0029980,nv,5,5,5,False
ISIC_0025696,akiec,0,0,5,False
ISIC_0034047,bcc,1,2,5,False
ISIC_0026014,akiec,0,5,5,False
ISIC_0030568,nv,5,5,5,False
ISIC_0027487,mel,4,1,5,True
ISIC_0026274,nv,5,5,5,False
ISIC_0032929,bkl,2,2,5,False
ISIC_0032963,bkl,2,2,5,False
ISIC_0026265,bkl,2,2,5,False
ISIC_0024426,bkl,2,1,5,True
ISIC_0031356,nv,5,5,5,False
ISIC_0025780,akiec,0,0,5,False
ISIC_0025750,nv,5,5,5,False
ISIC_0028774,bkl,2,2,5,False
ISIC_0030565,bkl,2,0,5,True
ISIC_0028256,nv,5,5,5,False
ISIC_0029560,nv,5,5,5,False
ISIC_0027849,nv,5,5,5,False
ISIC_0027584,bkl,2,2,5,False
ISIC_0029064,nv,5,5,5,False
ISIC_0030327,nv,5,5,5,False
ISIC_0029127,nv,5,4,5,True
ISIC_0028272,nv,5,5,5,False
ISIC_0026603,nv,5,5,5,False
ISIC_0032726,mel,4,2,5,True
ISIC_0033272,mel,4,2,5,True
ISIC_0031645,nv,5,5,5,False
ISIC_0031726,nv,5,5,5,False
ISIC_0030603,nv,5,2,5,True
ISIC_0027173,nv,5,5,5,False
ISIC_0028040,nv,5,5,5,False
ISIC_0030775,nv,5,5,5,False
ISIC_0032528,nv,5,5,5,False
ISIC_0029960,nv,5,5,5,False
ISIC_0024734,nv,5,5,5,False
ISIC_0027012,nv,5,5,5,False
ISIC_0027491,nv,5,5,5,False
ISIC_0026614,bkl,2,2,5,False
ISIC_0025402,nv,5,5,5,False
ISIC_0032910,nv,5,2,5,True
ISIC_0027821,nv,5,5,5,False
ISIC_0027715,nv,5,5,5,False
ISIC_0029413,bkl,2,5,5,True
ISIC_0029576,bkl,2,4,5,True
ISIC_0025918,nv,5,5,5,False
ISIC_0026124,nv,5,5,5,False
ISIC_0029044,nv,5,5,5,False
ISIC_0025084,nv,5,5,5,False
ISIC_0032920,nv,5,5,5,False
ISIC_0033673,nv,5,5,5,False
ISIC_0026350,bcc,1,1,5,False
ISIC_0031569,bcc,1,1,5,False
ISIC_0033110,nv,5,5,5,False
ISIC_0032701,nv,5,5,5,False
ISIC_0026898,nv,5,5,5,False
ISIC_0029544,nv,5,2,5,True
ISIC_0025369,nv,5,5,5,False
ISIC_0029948,nv,5,1,5,True
ISIC_0031451,nv,5,5,5,False
ISIC_0025565,nv,5,5,5,False
ISIC_0024500,nv,5,5,5,False
ISIC_0032444,nv,5,4,5,True
ISIC_0027066,nv,5,4,5,True
ISIC_0025106,nv,5,5,5,False
ISIC_0029767,nv,5,5,5,False
ISIC_0030908,nv,5,5,5,False
ISIC_0034020,nv,5,5,5,False
ISIC_0033727,nv,5,2,5,True
ISIC_0024720,nv,5,5,5,False
ISIC_0030374,nv,5,5,5,False
ISIC_0028429,nv,5,5,5,False
ISIC_0032375,nv,5,5,5,False
ISIC_0029061,bkl,2,2,5,False
ISIC_0031893,bkl,2,2,5,False
ISIC_0030815,nv,5,5,5,False
ISIC_0025816,nv,5,5,5,False
ISIC_0028399,nv,5,5,5,False
ISIC_0029549,akiec,0,1,5,False
ISIC_0030551,nv,5,5,5,False
ISIC_0026177,nv,5,5,5,False
ISIC_0024447,nv,5,5,5,False
ISIC_0031223,bkl,2,2,5,False
ISIC_0025187,nv,5,5,5,False
ISIC_0025247,akiec,0,1,5,False
ISIC_0029043,akiec,0,2,5,False
ISIC_0027465,nv,5,5,5,False
ISIC_0024368,nv,5,5,5,False
ISIC_0031030,nv,5,5,5,False
ISIC_0027409,nv,5,5,5,False
ISIC_0030441,nv,5,5,5,False
ISIC_0028037,nv,5,5,5,False
ISIC_0025970,nv,5,5,5,False
ISIC_0025989,nv,5,5,5,False
ISIC_0025165,nv,5,5,5,False
ISIC_0028698,nv,5,5,5,False
ISIC_0029315,akiec,0,0,5,False
ISIC_0030245,akiec,0,4,5,False
ISIC_0025552,nv,5,5,5,False
ISIC_0032302,bcc,1,1,5,False
ISIC_0029352,bcc,1,1,5,False
ISIC_0029934,nv,5,5,5,False
ISIC_0031995,nv,5,5,5,False
ISIC_0030980,nv,5,5,5,False
ISIC_0024597,nv,5,5,5,False
ISIC_0029313,nv,5,5,5,False
ISIC_0030508,nv,5,5,5,False
ISIC_0028775,nv,5,5,5,False
ISIC_0025703,bkl,2,0,5,True
ISIC_0031796,nv,5,5,5,False
ISIC_0031662,nv,5,5,5,False
ISIC_0032109,nv,5,5,5,False
ISIC_0031934,nv,5,5,5,False
ISIC_0027469,nv,5,5,5,False
ISIC_0026791,nv,5,5,5,False
ISIC_0029768,nv,5,5,5,False
ISIC_0029811,akiec,0,0,5,False
ISIC_0031578,akiec,0,0,5,False
ISIC_0034243,mel,4,5,5,True
ISIC_0034050,mel,4,5,5,True
ISIC_0032824,nv,5,5,5,False
ISIC_0024630,mel,4,4,5,False
ISIC_0024333,mel,4,5,5,True
ISIC_0028714,vasc,6,6,5,False
ISIC_0030956,vasc,6,6,5,False
ISIC_0027515,nv,5,5,5,False
ISIC_0024838,nv,5,5,5,False
ISIC_0025203,nv,5,5,5,False
ISIC_0027834,nv,5,5,5,False
ISIC_0029019,nv,5,5,5,False
ISIC_0024637,nv,5,5,5,False
ISIC_0025998,nv,5,5,5,False
ISIC_0026642,nv,5,5,5,False
ISIC_0027523,nv,5,5,5,False
ISIC_0028531,nv,5,5,5,False
ISIC_0031755,nv,5,5,5,False
ISIC_0030437,nv,5,5,5,False
ISIC_0032056,nv,5,5,5,False
ISIC_0030859,nv,5,5,5,False
ISIC_0030350,nv,5,1,5,True
ISIC_0028819,nv,5,5,5,False
ISIC_0028425,nv,5,5,5,False
ISIC_0029340,bkl,2,5,5,True
ISIC_0026286,bkl,2,5,5,True
ISIC_0024880,bkl,2,5,5,True
ISIC_0024474,nv,5,5,5,False
ISIC_0027285,nv,5,2,5,True
ISIC_0027882,nv,5,5,5,False
ISIC_0024335,nv,5,5,5,False
ISIC_0032379,nv,5,5,5,False
ISIC_0029368,nv,5,4,5,True
ISIC_0027634,nv,5,5,5,False
ISIC_0031102,nv,5,5,5,False
ISIC_0030389,nv,5,5,5,False
ISIC_0025538,nv,5,5,5,False
ISIC_0032159,bkl,2,0,5,True
ISIC_0024382,bkl,2,0,5,True
ISIC_0032136,nv,5,5,5,False
ISIC_0028660,nv,5,5,5,False
ISIC_0029227,bkl,2,5,5,True
ISIC_0031343,nv,5,5,5,False
ISIC_0033143,nv,5,5,5,False
ISIC_0033187,nv,5,5,5,False
ISIC_0025944,nv,5,5,5,False
ISIC_0029852,nv,5,5,5,False
ISIC_0026991,nv,5,5,5,False
ISIC_0025893,nv,5,5,5,False
ISIC_0029842,nv,5,5,5,False
ISIC_0024692,nv,5,5,5,False
ISIC_0026271,nv,5,5,5,False
ISIC_0025909,nv,5,5,5,False
ISIC_0028831,nv,5,5,5,False
ISIC_0030506,nv,5,5,5,False
ISIC_0026672,nv,5,4,5,True
ISIC_0024896,nv,5,5,5,False
ISIC_0031023,mel,4,5,5,True
ISIC_0028086,mel,4,5,5,True
ISIC_0029371,akiec,0,1,5,False
ISIC_0031659,akiec,0,1,5,False
ISIC_0024946,akiec,0,1,5,False
ISIC_0024438,nv,5,5,5,False
ISIC_0028616,nv,5,5,5,False
ISIC_0028227,mel,4,4,5,False
ISIC_0028852,nv,5,5,5,False
ISIC_0032769,nv,5,4,5,True
ISIC_0033922,nv,5,5,5,False
ISIC_0033108,nv,5,5,5,False
ISIC_0031658,nv,5,5,5,False
ISIC_0033691,bkl,2,5,5,True
ISIC_0033910,bkl,2,5,5,True
ISIC_0032556,bkl,2,2,5,False
ISIC_0033519,nv,5,5,5,False
ISIC_0032851,nv,5,1,5,True
ISIC_0028612,nv,5,5,5,False
ISIC_0030147,nv,5,5,5,False
ISIC_0024920,nv,5,5,5,False
ISIC_0030168,nv,5,5,5,False
ISIC_0025921,nv,5,5,5,False
ISIC_0033532,nv,5,5,5,False
ISIC_0032713,nv,5,5,5,False
ISIC_0029469,nv,5,5,5,False
ISIC_0024912,nv,5,5,5,False
ISIC_0031068,nv,5,5,5,False
ISIC_0028250,nv,5,5,5,False
ISIC_0031158,nv,5,1,5,True
ISIC_0028021,nv,5,5,5,False
ISIC_0026454,nv,5,5,5,False
ISIC_0025206,nv,5,5,5,False
ISIC_0031383,nv,5,5,5,False
ISIC_0033203,bcc,1,5,5,False
ISIC_0033366,bcc,1,5,5,False
ISIC_0032816,bcc,1,5,5,False
ISIC_0032215,bkl,2,5,5,True
ISIC_0032865,nv,5,5,5,False
ISIC_0033726,nv,5,5,5,False
ISIC_0029992,nv,5,5,5,False
ISIC_0025969,nv,5,5,5,False
ISIC_0030538,nv,5,5,5,False
ISIC_0026161,nv,5,5,5,False
ISIC_0026755,nv,5,5,5,False
ISIC_0033971,nv,5,5,5,False
ISIC_0032527,nv,5,5,5,False
ISIC_0032964,nv,5,5,5,False
ISIC_0033330,nv,5,5,5,False
ISIC_0030015,df,3,4,5,False
ISIC_0024450,akiec,0,1,5,False
ISIC_0031743,akiec,0,1,5,False
ISIC_0026522,akiec,0,1,5,False
ISIC_0031224,nv,5,5,5,False
ISIC_0027962,nv,5,5,5,False
ISIC_0026146,nv,5,5,5,False
ISIC_0025200,nv,5,5,5,False
ISIC_0025861,nv,5,5,5,False
ISIC_0025452,vasc,6,6,5,False
ISIC_0033225,nv,5,5,5,False
ISIC_0033615,nv,5,5,5,False
ISIC_0028836,nv,5,5,5,False
ISIC_0024738,nv,5,5,5,False
ISIC_0027591,nv,5,5,5,False
ISIC_0024861,nv,5,5,5,False
ISIC_0026861,bkl,2,2,5,False
ISIC_0031140,bcc,1,1,5,False
ISIC_0027955,nv,5,5,5,False
ISIC_0026084,nv,5,1,5,True
ISIC_0025262,nv,5,1,5,True
ISIC_0032464,nv,5,5,5,False
ISIC_0033669,nv,5,5,5,False
ISIC_0033789,nv,5,5,5,False
ISIC_0033419,nv,5,5,5,False
ISIC_0027952,nv,5,5,5,False
ISIC_0025628,vasc,6,6,5,False
ISIC_0033406,nv,5,4,5,True
ISIC_0033493,nv,5,4,5,True
ISIC_0033007,nv,5,5,5,False
ISIC_0032106,nv,5,5,5,False
ISIC_0029258,nv,5,5,5,False
ISIC_0025507,bkl,2,2,5,False
ISIC_0024934,nv,5,5,5,False
ISIC_0025442,nv,5,5,5,False
ISIC_0033194,nv,5,5,5,False
ISIC_0034258,nv,5,2,5,True
ISIC_0034023,nv,5,5,5,False
ISIC_0029953,nv,5,5,5,False
ISIC_0027761,nv,5,5,5,False
ISIC_0028583,bcc,1,0,5,False
ISIC_0032847,mel,4,5,5,True
ISIC_0033654,mel,4,5,5,True
ISIC_0024926,nv,5,5,5,False
ISIC_0026188,mel,4,4,5,False
ISIC_0029848,nv,5,5,5,False
ISIC_0033778,bkl,2,5,5,True
ISIC_0032863,bkl,2,2,5,False
ISIC_0034168,bkl,2,5,5,True
ISIC_0032126,nv,5,5,5,False
ISIC_0028924,nv,5,5,5,False
ISIC_0033313,nv,5,5,5,False
ISIC_0030981,nv,5,4,5,True
ISIC_0025899,nv,5,5,5,False
ISIC_0027141,df,3,3,5,False
ISIC_0026941,bkl,2,5,5,True
ISIC_0030691,nv,5,5,5,False
ISIC_0028696,mel,4,5,5,True
ISIC_0029343,mel,4,5,5,True
ISIC_0029881,nv,5,4,5,True
ISIC_0031115,nv,5,4,5,True
ISIC_0034049,mel,4,2,5,True
ISIC_0029796,nv,5,5,5,False
ISIC_0031198,akiec,0,0,5,False
ISIC_0025932,bcc,1,1,5,False
ISIC_0028747,bcc,1,1,5,False
ISIC_0030612,nv,5,5,5,False
ISIC_0026654,nv,5,5,5,False
ISIC_0030109,nv,5,5,5,False
ISIC_0031525,nv,5,5,5,False
ISIC_0032571,nv,5,5,5,False
ISIC_0030023,nv,5,5,5,False
ISIC_0032281,nv,5,1,5,True
ISIC_0025301,bcc,1,1,5,False
ISIC_0027722,bcc,1,1,5,False
ISIC_0025983,nv,5,5,5,False
ISIC_0031061,bkl,2,0,5,True
ISIC_0025443,nv,5,4,5,True
ISIC_0025428,nv,5,5,5,False
ISIC_0031618,nv,5,5,5,False
ISIC_0028134,nv,5,5,5,False
ISIC_0030519,nv,5,5,5,False
ISIC_0031255,nv,5,5,5,False
ISIC_0027687,nv,5,5,5,False
ISIC_0025578,vasc,6,6,5,False
ISIC_0029448,vasc,6,5,5,False
ISIC_0026056,bcc,1,2,5,False
ISIC_0026414,nv,5,4,5,True
ISIC_0032449,nv,5,5,5,False
ISIC_0024347,nv,5,5,5,False
ISIC_0031984,nv,5,5,5,False
ISIC_0026487,nv,5,5,5,False
ISIC_0030363,nv,5,5,5,False
ISIC_0025360,nv,5,5,5,False
ISIC_0032939,nv,5,5,5,False
ISIC_0025783,mel,4,5,5,True
ISIC_0031386,mel,4,5,5,True
ISIC_0031003,nv,5,5,5,False
ISIC_0029553,nv,5,5,5,False
ISIC_0030933,nv,5,5,5,False
ISIC_0025043,nv,5,5,5,False
ISIC_0029277,nv,5,5,5,False
ISIC_0030920,nv,5,5,5,False
ISIC_0032466,mel,4,4,5,False
ISIC_0033354,bcc,1,1,5,False
ISIC_0032857,bcc,1,1,5,False
ISIC_0032906,bcc,1,1,5,False
ISIC_0032704,nv,5,2,5,True
ISIC_0033289,nv,5,2,5,True
ISIC_0032024,bkl,2,1,5,True
ISIC_0031037,bkl,2,5,5,True
ISIC_0030479,nv,5,5,5,False
ISIC_0028834,nv,5,5,5,False
ISIC_0031089,nv,5,5,5,False
ISIC_0031915,mel,4,5,5,True
ISIC_0028065,mel,4,4,5,False
ISIC_0026345,nv,5,5,5,False
ISIC_0030239,nv,5,5,5,False
ISIC_0028921,nv,5,5,5,False
ISIC_0034080,nv,5,4,5,True
ISIC_0029949,nv,5,5,5,False
ISIC_0026231,nv,5,5,5,False
ISIC_0024843,akiec,0,0,5,False
ISIC_0032974,nv,5,5,5,False
ISIC_0033746,nv,5,5,5,False
ISIC_0029927,bkl,2,3,5,True
ISIC_0026567,bkl,2,2,5,False
ISIC_0024429,nv,5,5,5,False
ISIC_0028935,nv,5,5,5,False
ISIC_0029856,bcc,1,1,5,False
ISIC_0028360,nv,5,5,5,False
ISIC_0029861,nv,5,5,5,False
ISIC_0024366,nv,5,5,5,False
ISIC_0028764,mel,4,4,5,False
ISIC_0029021,mel,4,4,5,False
ISIC_0029886,nv,5,5,5,False
ISIC_0024666,bcc,1,1,5,False
ISIC_0028890,bcc,1,1,5,False
ISIC_0025752,bcc,1,4,5,False
ISIC_0030448,nv,5,5,5,False
ISIC_0027504,bkl,2,2,5,False
ISIC_0028437,nv,5,5,5,False
ISIC_0032081,mel,4,0,5,True
ISIC_0030784,mel,4,4,5,False
ISIC_0024375,vasc,6,6,5,False
ISIC_0029461,nv,5,5,5,False
ISIC_0027492,nv,5,1,5,True
ISIC_0027528,nv,5,2,5,True
ISIC_0025424,nv,5,4,5,True
ISIC_0027503,nv,5,4,5,True
ISIC_0025001,nv,5,5,5,False
ISIC_0028800,nv,5,5,5,False
ISIC_0032807,mel,4,2,5,True
ISIC_0032645,mel,4,5,5,True
ISIC_0030752,nv,5,5,5,False
ISIC_0025755,mel,4,4,5,False
ISIC_0024598,nv,5,5,5,False
ISIC_0024782,bkl,2,5,5,True
ISIC_0029872,bkl,2,2,5,False
ISIC_0032398,nv,5,5,5,False
ISIC_0029404,vasc,6,2,5,False
ISIC_0030275,vasc,6,5,5,False
ISIC_0031812,bkl,2,2,5,False
ISIC_0030465,bkl,2,4,5,True
ISIC_0025862,nv,5,5,5,False
ISIC_0031136,nv,5,5,5,False
ISIC_0026953,nv,5,5,5,False
ISIC_0029234,nv,5,5,5,False
ISIC_0027637,nv,5,5,5,False
ISIC_0025653,nv,5,5,5,False
ISIC_0027265,nv,5,5,5,False
ISIC_0030799,nv,5,5,5,False
ISIC_0026510,nv,5,5,5,False
ISIC_0027376,nv,5,5,5,False
ISIC_0026460,nv,5,5,5,False
ISIC_0032995,nv,5,5,5,False
ISIC_0032754,nv,5,5,5,False
ISIC_0032714,nv,5,5,5,False
ISIC_0027441,nv,5,5,5,False
ISIC_0027923,nv,5,5,5,False
ISIC_0025007,nv,5,5,5,False
ISIC_0026514,bkl,2,0,5,True
ISIC_0032639,nv,5,5,5,False
ISIC_0033525,nv,5,5,5,False
ISIC_0028204,nv,5,5,5,False
ISIC_0033518,mel,4,4,5,False
ISIC_0033843,mel,4,5,5,True
ISIC_0026786,nv,5,2,5,True
ISIC_0028578,nv,5,2,5,True
ISIC_0024809,nv,5,5,5,False
ISIC_0025968,nv,5,5,5,False
ISIC_0028603,nv,5,5,5,False
ISIC_0028043,bkl,2,2,5,False
ISIC_0032028,nv,5,4,5,True
ISIC_0028979,nv,5,5,5,False
ISIC_0028088,nv,5,5,5,False
ISIC_0025692,nv,5,5,5,False
ISIC_0025157,bkl,2,2,5,False
ISIC_0028846,bkl,2,2,5,False
ISIC_0026159,bkl,2,2,5,False
ISIC_0030419,nv,5,5,5,False
ISIC_0026685,nv,5,5,5,False
ISIC_0032201,nv,5,5,5,False
ISIC_0025143,nv,5,5,5,False
ISIC_0024832,bkl,2,5,5,True
ISIC_0026958,bkl,2,5,5,True
ISIC_0031871,nv,5,5,5,False
ISIC_0029075,nv,5,5,5,False
ISIC_0028887,nv,5,5,5,False
ISIC_0033957,mel,4,4,5,False
ISIC_0034172,mel,4,5,5,True
ISIC_0033393,mel,4,5,5,True
ISIC_0031929,akiec,0,1,5,False
ISIC_0025110,nv,5,5,5,False
ISIC_0032666,nv,5,5,5,False
ISIC_0033157,nv,5,5,5,False
ISIC_0032811,nv,5,5,5,False
ISIC_0030688,nv,5,5,5,False
ISIC_0029825,nv,5,5,5,False
ISIC_0028002,nv,5,5,5,False
ISIC_0030395,nv,5,5,5,False
ISIC_0027021,mel,4,1,5,True
ISIC_0025652,nv,5,5,5,False
ISIC_0028380,nv,5,5,5,False
ISIC_0024900,mel,4,5,5,True
ISIC_0032072,mel,4,5,5,True
ISIC_0025204,nv,5,5,5,False
ISIC_0025723,nv,5,5,5,False
ISIC_0029717,nv,5,5,5,False
ISIC_0030104,vasc,6,6,5,False
ISIC_0026252,nv,5,5,5,False
ISIC_0024424,nv,5,1,5,True
ISIC_0029579,nv,5,5,5,False
ISIC_0025577,akiec,0,0,5,False
ISIC_0030591,akiec,0,0,5,False
ISIC_0024579,akiec,0,4,5,False
ISIC_0029638,akiec,0,0,5,False
ISIC_0029189,nv,5,5,5,False
ISIC_0033318,nv,5,4,5,True
ISIC_0032615,nv,5,5,5,False
ISIC_0033862,nv,5,5,5,False
ISIC_0027901,nv,5,5,5,False
ISIC_0028129,nv,5,5,5,False
ISIC_0026825,nv,5,5,5,False
ISIC_0027639,nv,5,4,5,True
ISIC_0031314,nv,5,0,5,True
ISIC_0028221,nv,5,5,5,False
ISIC_0029591,mel,4,0,5,True
ISIC_0030423,mel,4,4,5,False
ISIC_0025590,nv,5,5,5,False
ISIC_0028992,bkl,2,2,5,False
ISIC_0026351,bkl,2,5,5,True
ISIC_0030226,bkl,2,2,5,False
ISIC_0031300,nv,5,5,5,False
ISIC_0029197,nv,5,5,5,False
ISIC_0027250,nv,5,5,5,False
ISIC_0025309,nv,5,5,5,False
ISIC_0030475,nv,5,5,5,False
ISIC_0027524,nv,5,5,5,False
ISIC_0026810,nv,5,4,5,True
ISIC_0027356,nv,5,5,5,False
ISIC_0025720,nv,5,5,5,False
ISIC_0028842,bkl,2,0,5,True
ISIC_0030086,nv,5,5,5,False
ISIC_0031857,nv,5,5,5,False
ISIC_0028621,nv,5,2,5,True
ISIC_0025683,nv,5,1,5,True
ISIC_0029969,nv,5,5,5,False
ISIC_0032249,bkl,2,5,5,True
ISIC_0032088,nv,5,5,5,False
ISIC_0029589,nv,5,4,5,True
ISIC_0029476,nv,5,5,5,False
ISIC_0027892,nv,5,5,5,False
ISIC_0026410,nv,5,5,5,False
ISIC_0032458,nv,5,5,5,False
ISIC_0030342,nv,5,5,5,False
ISIC_0033411,nv,5,5,5,False
ISIC_0034096,nv,5,2,5,True
ISIC_0033382,nv,5,2,5,True
ISIC_0034187,nv,5,5,5,False
ISIC_0027837,nv,5,5,5,False
ISIC_0027600,nv,5,5,5,False
ISIC_0025245,nv,5,5,5,False
ISIC_0026895,bkl,2,5,5,True
ISIC_0029841,bkl,2,2,5,False
ISIC_0029849,bkl,2,2,5,False
ISIC_0029287,nv,5,5,5,False
ISIC_0027674,nv,5,5,5,False
ISIC_0025037,nv,5,5,5,False
ISIC_0031684,nv,5,5,5,False
ISIC_0033487,mel,4,4,5,False
ISIC_0033995,mel,4,4,5,False
ISIC_0024332,bcc,1,1,5,False
ISIC_0029418,bkl,2,5,5,True
ISIC_0027455,bkl,2,4,5,True
ISIC_0031032,nv,5,5,5,False
ISIC_0030620,nv,5,4,5,True
ISIC_0028987,nv,5,2,5,True
ISIC_0024882,nv,5,2,5,True
ISIC_0028468,nv,5,5,5,False
ISIC_0030440,mel,4,4,5,False
ISIC_0024732,mel,4,4,5,False
ISIC_0024801,nv,5,5,5,False
ISIC_0028303,bcc,1,1,5,False
ISIC_0031767,nv,5,5,5,False
ISIC_0026116,nv,5,5,5,False
ISIC_0024336,bkl,2,2,5,False
ISIC_0025294,nv,5,5,5,False
ISIC_0031787,nv,5,5,5,False
ISIC_0026906,nv,5,5,5,False
ISIC_0029323,bcc,1,5,5,False
ISIC_0031520,bcc,1,3,5,False
ISIC_0031171,bcc,1,5,5,False
ISIC_0027606,bkl,2,0,5,True
ISIC_0027023,bkl,2,4,5,True
ISIC_0026986,nv,5,5,5,False
ISIC_0030408,akiec,0,0,5,False
ISIC_0029869,nv,5,5,5,False
ISIC_0031305,nv,5,5,5,False
ISIC_0024480,nv,5,4,5,True
ISIC_0028459,nv,5,5,5,False
ISIC_0033148,nv,5,5,5,False
ISIC_0033109,nv,5,5,5,False
ISIC_0032986,nv,5,5,5,False
ISIC_0033286,mel,4,4,5,False
ISIC_0032586,mel,4,4,5,False
ISIC_0031709,mel,4,5,5,True
ISIC_0027155,mel,4,4,5,False
ISIC_0030304,nv,5,5,5,False
ISIC_0025660,nv,5,4,5,True
ISIC_0028487,nv,5,5,5,False
ISIC_0027826,bkl,2,4,5,True
ISIC_0029928,nv,5,5,5,False
ISIC_0033490,bkl,2,2,5,False
ISIC_0024858,nv,5,1,5,True
ISIC_0028374,nv,5,4,5,True
ISIC_0028657,nv,5,5,5,False
ISIC_0031868,nv,5,5,5,False
ISIC_0032222,bcc,1,5,5,False
ISIC_0025019,bcc,1,5,5,False
ISIC_0024451,nv,5,5,5,False
ISIC_0033883,mel,4,5,5,True
ISIC_0034145,mel,4,5,5,True
ISIC_0032981,mel,4,2,5,True
ISIC_0027681,bkl,2,2,5,False
ISIC_0033120,mel,4,5,5,True
ISIC_0034211,mel,4,5,5,True
ISIC_0028410,mel,4,4,5,False
ISIC_0033545,mel,4,4,5,False
ISIC_0030404,nv,5,5,5,False
ISIC_0027311,nv,5,5,5,False
ISIC_0030096,bcc,1,1,5,False
ISIC_0025859,nv,5,5,5,False
ISIC_0026033,nv,5,5,5,False
ISIC_0033630,mel,4,4,5,False
ISIC_0032879,mel,4,0,5,True
ISIC_0028304,nv,5,5,5,False
ISIC_0025961,nv,5,3,5,True
ISIC_0026503,nv,5,5,5,False
ISIC_0029028,mel,4,4,5,False
ISIC_0027125,mel,4,5,5,True
ISIC_0031333,nv,5,5,5,False
ISIC_0028178,nv,5,5,5,False
ISIC_0024950,nv,5,5,5,False
ISIC_0024340,nv,5,5,5,False
ISIC_0027361,nv,5,2,5,True
ISIC_0024574,nv,5,5,5,False
ISIC_0024534,nv,5,5,5,False
ISIC_0031152,nv,5,5,5,False
ISIC_0029628,nv,5,5,5,False
ISIC_0028161,nv,5,5,5,False
ISIC_0026019,nv,5,5,5,False
ISIC_0025624,nv,5,5,5,False
ISIC_0025026,nv,5,5,5,False
ISIC_0028071,nv,5,5,5,False
ISIC_0030646,nv,5,5,5,False
ISIC_0033638,mel,4,5,5,True
ISIC_0033805,mel,4,5,5,True
ISIC_0033302,mel,4,4,5,False
ISIC_0031245,bcc,1,0,5,False
ISIC_0025302,df,3,0,5,False
ISIC_0028755,nv,5,5,5,False
ISIC_0027062,nv,5,2,5,True
ISIC_0025142,nv,5,5,5,False
ISIC_0028295,nv,5,5,5,False
ISIC_0029312,nv,5,5,5,False
ISIC_0029389,nv,5,5,5,False
ISIC_0024789,nv,5,5,5,False
ISIC_0025308,nv,5,5,5,False
ISIC_0030787,nv,5,5,5,False
ISIC_0028793,nv,5,5,5,False
ISIC_0025671,nv,5,5,5,False
ISIC_0026394,nv,5,5,5,False
ISIC_0024925,akiec,0,1,5,False
ISIC_0031594,nv,5,2,5,True
ISIC_0026577,nv,5,2,5,True
ISIC_0028932,nv,5,5,5,False
ISIC_0029071,nv,5,5,5,False
ISIC_0026868,mel,4,5,5,True
ISIC_0027603,nv,5,5,5,False
ISIC_0028234,nv,5,5,5,False
ISIC_0029112,nv,5,5,5,False
ISIC_0024606,nv,5,5,5,False
ISIC_0029345,bkl,2,2,5,False
ISIC_0026393,vasc,6,6,5,False
ISIC_0028302,nv,5,5,5,False
ISIC_0032183,nv,5,5,5,False
ISIC_0024869,nv,5,2,5,True
ISIC_0024723,nv,5,5,5,False
ISIC_0033766,nv,5,5,5,False
ISIC_0033008,nv,5,5,5,False
ISIC_0030090,nv,5,5,5,False
ISIC_0024548,nv,5,5,5,False
ISIC_0028911,nv,5,5,5,False
ISIC_0026259,nv,5,5,5,False
ISIC_0025520,mel,4,4,5,False
ISIC_0031118,mel,4,1,5,True
ISIC_0030080,mel,4,5,5,True
ISIC_0033892,nv,5,5,5,False
ISIC_0033845,nv,5,5,5,False
ISIC_0032884,nv,5,5,5,False
ISIC_0027881,nv,5,5,5,False
ISIC_0025474,nv,5,5,5,False
ISIC_0029923,nv,5,5,5,False
ISIC_0030279,nv,5,5,5,False
ISIC_0024380,nv,5,5,5,False
ISIC_0025872,nv,5,5,5,False
ISIC_0031781,nv,5,5,5,False
ISIC_0027519,nv,5,5,5,False
ISIC_0024753,nv,5,5,5,False
ISIC_0034247,nv,5,2,5,True
ISIC_0033455,nv,5,5,5,False
ISIC_0034056,nv,5,2,5,True
ISIC_0025532,nv,5,5,5,False
ISIC_0028203,nv,5,5,5,False
ISIC_0030853,nv,5,5,5,False
ISIC_0024464,nv,5,5,5,False
ISIC_0028869,nv,5,5,5,False
ISIC_0030071,nv,5,5,5,False
ISIC_0032118,nv,5,5,5,False
ISIC_0033891,df,3,3,5,False
ISIC_0033554,df,3,3,5,False
ISIC_0033810,df,3,5,5,False
ISIC_0030290,nv,5,5,5,False
ISIC_0031529,mel,4,5,5,True
ISIC_0025440,nv,5,5,5,False
ISIC_0027889,nv,5,5,5,False
ISIC_0030694,nv,5,5,5,False
ISIC_0027555,nv,5,5,5,False
ISIC_0033426,mel,4,4,5,False
ISIC_0031127,nv,5,5,5,False
ISIC_0027558,nv,5,5,5,False
ISIC_0031267,nv,5,5,5,False
ISIC_0028229,bkl,2,2,5,False
ISIC_0026044,bkl,2,5,5,True
ISIC_0028995,bkl,2,2,5,False
ISIC_0026142,bkl,2,2,5,False
ISIC_0030944,nv,5,5,5,False
ISIC_0031170,mel,4,4,5,False
ISIC_0024652,mel,4,2,5,True
ISIC_0026591,nv,5,5,5,False
ISIC_0024797,nv,5,5,5,False
ISIC_0033135,vasc,6,6,5,False
ISIC_0032538,vasc,6,6,5,False
ISIC_0033591,vasc,6,6,5,False
ISIC_0034075,nv,5,4,5,True
ISIC_0028805,nv,5,5,5,False
ISIC_0028006,nv,5,5,5,False
ISIC_0032155,nv,5,5,5,False
ISIC_0029963,nv,5,5,5,False
ISIC_0032259,nv,5,5,5,False
ISIC_0025858,nv,5,5,5,False
ISIC_0025284,nv,5,5,5,False
ISIC_0031764,nv,5,5,5,False
ISIC_0025349,nv,5,5,5,False
ISIC_0032194,bcc,1,1,5,False
ISIC_0024526,nv,5,5,5,False
ISIC_0027482,nv,5,5,5,False
ISIC_0026424,nv,5,5,5,False
ISIC_0028949,nv,5,5,5,False
